Número,Nombre,URL
2,Canal del Área de Tecnología Educativa,https://www3.gobiernodecanarias.org/medusa/mediateca/ecoescuela
3,Pruebas CAU_CE,https://www3.gobiernodecanarias.org/medusa/mediateca/pruebas
4,Publicaciones de la Consejería,https://www3.gobiernodecanarias.org/medusa/mediateca/publicaciones
5,Canal del Servicio de Perfeccionamiento del Profesorado,https://www3.gobiernodecanarias.org/medusa/mediateca/perfeccionamiento
9,Canal del IES Geneto,https://www3.gobiernodecanarias.org/medusa/mediateca/iesgeneto
12,Canal del Programa Infancia,https://www3.gobiernodecanarias.org/medusa/mediateca/infancia
13,Canal de Educación Ámbiental y Sostenibilidad,https://www3.gobiernodecanarias.org/medusa/mediateca/eas
14,Canal del CEP Norte de Tenerife,https://www3.gobiernodecanarias.org/medusa/mediateca/cprofesnortedetenerife
16,Canal del CEP Gran Tarajal,https://www3.gobiernodecanarias.org/medusa/mediateca/cprofesgrantarajal
17,Canal del centro ADELA,https://www3.gobiernodecanarias.org/medusa/mediateca/ceipadelasantana
19,Oficina Medusa,https://www3.gobiernodecanarias.org/medusa/mediateca/otrosoficinamedusadetenerife
21,Canal de la Red Canaria de Centros para la Participación Educativa ,https://www3.gobiernodecanarias.org/medusa/mediateca/rccpe
22,Canal de la Red Canaria de Escuelas Solidarias,https://www3.gobiernodecanarias.org/medusa/mediateca/rces
23,CEP LANZAROTE,https://www3.gobiernodecanarias.org/medusa/mediateca/cprofeslanzarote
24,CEPGCSUR,https://www3.gobiernodecanarias.org/medusa/mediateca/cprofesgrancanariasur
25,Canal de EVAGD,https://www3.gobiernodecanarias.org/medusa/mediateca/evagd
26,Canal Mediateca CEIP Ofra Vistabella,https://www3.gobiernodecanarias.org/medusa/mediateca/ceipofravistabella
27,Canal de Informat,https://www3.gobiernodecanarias.org/medusa/mediateca/informat
28,CAU_CE,https://www3.gobiernodecanarias.org/medusa/mediateca/cau_ce
29,IES. San Juan de la Rambla TV ,https://www3.gobiernodecanarias.org/medusa/mediateca/iessanjuandelarambla
30,cifp las indias,https://www3.gobiernodecanarias.org/medusa/mediateca/cifplasindias
31,CEP La Laguna,https://www3.gobiernodecanarias.org/medusa/mediateca/cprofeslalaguna
32,Congreso TIC TSP 2015,https://www3.gobiernodecanarias.org/medusa/mediateca/congresotic2015
33,CEIP Profesor Carlos Socas Muñoz,https://www3.gobiernodecanarias.org/medusa/mediateca/ceipprofesorcarlossocasmunoz
34,CEP Tenerife Sur,https://www3.gobiernodecanarias.org/medusa/mediateca/cprofestenerifesur
35,Canal para la acreditación de mediación,https://www3.gobiernodecanarias.org/medusa/mediateca/mediacion
36,CEP LAS PALMAS DE GC,https://www3.gobiernodecanarias.org/medusa/mediateca/cprofeslaspalmasdegrancanaria
37,CEIP La Paredilla,https://www3.gobiernodecanarias.org/medusa/mediateca/ceiplaparedilla
38,Canal de Familias Profesionales,https://www3.gobiernodecanarias.org/medusa/mediateca/familiasprofesionales
39,Canal de Convivencia Escolar,https://www3.gobiernodecanarias.org/medusa/mediateca/convivenciapositiva
41,Sociedad Isaac Newton,https://www3.gobiernodecanarias.org/medusa/mediateca/sinewton
42,Cep Puerto del Rosario,https://www3.gobiernodecanarias.org/medusa/mediateca/cprofespuertodelrosario
43,Canal de CEIP Casa Pastores,https://www3.gobiernodecanarias.org/medusa/mediateca/ceipcasapastores
44,CEIP Los Dragos,https://www3.gobiernodecanarias.org/medusa/mediateca/ceiplosdragos
45,IES Güimar,https://www3.gobiernodecanarias.org/medusa/mediateca/iesguimar
47,CEIP HOYA ANDREA,https://www3.gobiernodecanarias.org/medusa/mediateca/ceiphoyaandrea
48,CEIP SANTA ÚRSULA,https://www3.gobiernodecanarias.org/medusa/mediateca/ceipsantaursula
49,Canal del IES Andrés Bello,https://www3.gobiernodecanarias.org/medusa/mediateca/iesandresbello
50,Mediateca CEIP Monseñor Socorro Lantigua,https://www3.gobiernodecanarias.org/medusa/mediateca/ceipmonsenorsocorrolantigua
51,Mediateca IES El Rincón,https://www3.gobiernodecanarias.org/medusa/mediateca/ieselrincon
52,CEP Santa Cruz de Tenerife,https://www3.gobiernodecanarias.org/medusa/mediateca/cprofessantacruzdetenerife
55,Lenguas Extranjeras,https://www3.gobiernodecanarias.org/medusa/mediateca/lenguas_extranjeras
57,Canal de Formación Profesional,https://www3.gobiernodecanarias.org/medusa/mediateca/formacionprofesional
58,Canal ENLAZA,https://www3.gobiernodecanarias.org/medusa/mediateca/enlaza
59,Canal Oficina de Programas Europeos de Canarias,https://www3.gobiernodecanarias.org/medusa/mediateca/opeec
62,Canal de apoyo para las SSAA,https://www3.gobiernodecanarias.org/medusa/mediateca/uupp
63,Programa Tránsito del Servicio de Innovación Educativa,https://www3.gobiernodecanarias.org/medusa/mediateca/transito
64,Canal del IES Luis Cobiella Cuevas,https://www3.gobiernodecanarias.org/medusa/mediateca/iesluiscobiellacuevas
65,Canal IES Villa de Mazo,https://www3.gobiernodecanarias.org/medusa/mediateca/iesvillademazo
67,Canal del CEIP San Miguel,https://www3.gobiernodecanarias.org/medusa/mediateca/ceipsanmiguel
68,Canal Educación de Personas Adultas,https://www3.gobiernodecanarias.org/medusa/mediateca/epa
69,Canal del CEIP Tinguaro,https://www3.gobiernodecanarias.org/medusa/mediateca/ceiptinguaro
70,Canal del CEIP Camino Largo,https://www3.gobiernodecanarias.org/medusa/mediateca/ceipcaminolargo
71,Canal del Área de vocaciones científicas y creatividad,https://www3.gobiernodecanarias.org/medusa/mediateca/steam
72,Canal del CEIP Santidad,https://www3.gobiernodecanarias.org/medusa/mediateca/ceipsantidad
73,Canal del CEIP Tagoror,https://www3.gobiernodecanarias.org/medusa/mediateca/ceiptagoror
74,Canal del IES María Belén Morales Gómez,https://www3.gobiernodecanarias.org/medusa/mediateca/iesmariabelenmoralesgomez
75,"Canal del Área de Patrimonio Natural, Social y Cultural Canario",https://www3.gobiernodecanarias.org/medusa/mediateca/ensenas
76,Canal del Área de Comunicación,https://www3.gobiernodecanarias.org/medusa/mediateca/comunicacion
78,Mediateca IES EL GALEÓN,https://www3.gobiernodecanarias.org/medusa/mediateca/iesadeje2
79,CEIP JOSÉ PÉREZ Y PÉREZ,https://www3.gobiernodecanarias.org/medusa/mediateca/ceipjoseperezyperez
80,MediatecaMagallanes,https://www3.gobiernodecanarias.org/medusa/mediateca/iesmagallanes
81,CEIP PÉREZ ZAMORA,https://www3.gobiernodecanarias.org/medusa/mediateca/ceipperezzamora
82,CEIPVEINTEDEENERO,https://www3.gobiernodecanarias.org/medusa/mediateca/ceipveintedeenero
83,Amurga,https://www3.gobiernodecanarias.org/medusa/mediateca/iesamurga
84,CEPGCNOROESTE,https://www3.gobiernodecanarias.org/medusa/mediateca/cprofesgrancanarianoroeste
85,IES GRAN CANARIA,https://www3.gobiernodecanarias.org/medusa/mediateca/iesgrancanaria
86,CEIP Fernando Guanarteme,https://www3.gobiernodecanarias.org/medusa/mediateca/ceipfernandoguanarteme
87,IES El Sobradillo,https://www3.gobiernodecanarias.org/medusa/mediateca/ieselsobradillo
88,IES Santiago Santana Díaz,https://www3.gobiernodecanarias.org/medusa/mediateca/iessantiagosantanadiaz
89,canal del Barranco,https://www3.gobiernodecanarias.org/medusa/mediateca/ceipbarrancodelastorres
90,Ceip Los Quintana ,https://www3.gobiernodecanarias.org/medusa/mediateca/ceiplosquintana
91,CEIP PEPE MONAGAS,https://www3.gobiernodecanarias.org/medusa/mediateca/ceippepemonagas
92,CEIP Príncipe Felipe,https://www3.gobiernodecanarias.org/medusa/mediateca/ceipprincipefelipe
93,CEIP Orobal,https://www3.gobiernodecanarias.org/medusa/mediateca/ceiporobal
94,CEIP ALISIOS,https://www3.gobiernodecanarias.org/medusa/mediateca/ceipalisios
95,MEDIATECA CEIP EL CANARIO,https://www3.gobiernodecanarias.org/medusa/mediateca/ceipelcanario
96,CEIP MIRAFLOR,https://www3.gobiernodecanarias.org/medusa/mediateca/ceipmiraflor
97,MEDIATECA_IESTEROR,https://www3.gobiernodecanarias.org/medusa/mediateca/iesteror
98,CeipPoetaTomásMoralesCarrizal,https://www3.gobiernodecanarias.org/medusa/mediateca/ceippoetatomasmorales
99,CEAD S/C TENERIFE MERCEDES PINTO,https://www3.gobiernodecanarias.org/medusa/mediateca/ceadsantacruzdetenerifemercedespinto
100,E-Mocán,https://www3.gobiernodecanarias.org/medusa/mediateca/iesarguineguin
101,MediatecaJoséMelián,https://www3.gobiernodecanarias.org/medusa/mediateca/eeijosemelianrodriguez
102,CEIP HUERTAS DEL PALMAR,https://www3.gobiernodecanarias.org/medusa/mediateca/ceiphuertasdelpalmar
103,CEIP AYATIMAS,https://www3.gobiernodecanarias.org/medusa/mediateca/ceipayatimas
104,CEIP San Isidro,https://www3.gobiernodecanarias.org/medusa/mediateca/ceipsanisidro
105,CEPA La Guancha,https://www3.gobiernodecanarias.org/medusa/mediateca/cepalaguancha
106,MEDIATECA CEIP EL DRAGUILLO,https://www3.gobiernodecanarias.org/medusa/mediateca/ceipeldraguillo
112,Escuelas Oficiales de Idiomas de Canarias,https://www3.gobiernodecanarias.org/medusa/mediateca/aeoiadistanciadecanarias
113,Mediateca CEIP Aneja,https://www3.gobiernodecanarias.org/medusa/mediateca/ceippracticasaneja
114,Mediateca del CEIP en ARUCAS,https://www3.gobiernodecanarias.org/medusa/mediateca/ceipenarucas
115,CEIP Camino de la Villa,https://www3.gobiernodecanarias.org/medusa/mediateca/ceipcaminodelavilla
116,Canal de PROIDEAC,https://www3.gobiernodecanarias.org/medusa/mediateca/proideac
117,CEIP Luis Cortí,https://www3.gobiernodecanarias.org/medusa/mediateca/ceipluiscorti
118,MediatecaJulianZafra,https://www3.gobiernodecanarias.org/medusa/mediateca/ceipjulianzaframoreno
119,MEDIATECA CEIP MARÍA MUÑOZ MAYOR,https://www3.gobiernodecanarias.org/medusa/mediateca/ceipmariamunozmayor
120,CEIP JUAN ARENCIBIA SOSA ,https://www3.gobiernodecanarias.org/medusa/mediateca/ceipjuanarencibiasosa
121,Mediateca CEO Tunte,https://www3.gobiernodecanarias.org/medusa/mediateca/ceotunte
122,IES_Tablero_I,https://www3.gobiernodecanarias.org/medusa/mediateca/iestableroiaguanac
123,MEDIATECA CEIP TAGOJA,https://www3.gobiernodecanarias.org/medusa/mediateca/ceiptagoja
124,mediateca miranda,https://www3.gobiernodecanarias.org/medusa/mediateca/ceipmiranda
125,CEIP Las Retamas,https://www3.gobiernodecanarias.org/medusa/mediateca/ceiplasretamas
126,CEIP CHANO SÁNCHEZ,https://www3.gobiernodecanarias.org/medusa/mediateca/ceipchanosanchez
127,LAS LAJAS FM,https://www3.gobiernodecanarias.org/medusa/mediateca/iesbarrancodelaslajas
128,Canal CEO Rey Juan Carlos I,https://www3.gobiernodecanarias.org/medusa/mediateca/ceoreyjuancarlosi
129,IES GUIA,https://www3.gobiernodecanarias.org/medusa/mediateca/iesguia
131,IES TAMOGANTE,https://www3.gobiernodecanarias.org/medusa/mediateca/iestamogante
132,CEIP LA VIÑUELA: NUESTRAS COSITAS,https://www3.gobiernodecanarias.org/medusa/mediateca/ceiplavinuela
135,MediatecaeZerpa,https://www3.gobiernodecanarias.org/medusa/mediateca/iesjosezerpa
136,CEIPARB,https://www3.gobiernodecanarias.org/medusa/mediateca/ceipalcalderamirezbethencourt
137,CEIP La Cardonera fotos,https://www3.gobiernodecanarias.org/medusa/mediateca/ceiplacardonera
138,Mediateca IES Josefina de la Torre,https://www3.gobiernodecanarias.org/medusa/mediateca/iesjosefinadelatorre
139,IES LA ALDEA,https://www3.gobiernodecanarias.org/medusa/mediateca/ieslaaldeadesannicolas
140,CeipLasVegas,https://www3.gobiernodecanarias.org/medusa/mediateca/ceiplasvegas
141,Mediateca CEIP La Zafra,https://www3.gobiernodecanarias.org/medusa/mediateca/ceiplazafra
142,Mediateca CEE MARENTE,https://www3.gobiernodecanarias.org/medusa/mediateca/ceeemarente
143,Radio Pulido,https://www3.gobiernodecanarias.org/medusa/mediateca/iesjosemariaperezpulido
144,CEIP Piedra Molino,https://www3.gobiernodecanarias.org/medusa/mediateca/ceippiedrademolino
145,CEIP Saucillo,https://www3.gobiernodecanarias.org/medusa/mediateca/ceipsaucillo
146,CEP Telde,https://www3.gobiernodecanarias.org/medusa/mediateca/cprofestelde
147,Mediateca CEPA Puerto de la Cruz,https://www3.gobiernodecanarias.org/medusa/mediateca/cepapuertodelacruz
148,Canal del CEIP Carreteria,https://www3.gobiernodecanarias.org/medusa/mediateca/ceipcarreteria
149,ESCUELA DE ARTE MANOLO BLAHNIK,https://www3.gobiernodecanarias.org/medusa/mediateca/eamanoloblahnik
150,CEIP ISAAC DE VEGA,https://www3.gobiernodecanarias.org/medusa/mediateca/ceipisaacdevega
151,Mediateca IES Roque Amagro,https://www3.gobiernodecanarias.org/medusa/mediateca/iesroqueamagro
152,CEIP Villa de Firgas,https://www3.gobiernodecanarias.org/medusa/mediateca/ceipvilladefirgas
153,CEIP TESEJERAGUE MEDIATECA,https://www3.gobiernodecanarias.org/medusa/mediateca/ceiptesejerague
154,Mediateca IES Arucas Domingo Rivero,https://www3.gobiernodecanarias.org/medusa/mediateca/iesarucasdomingorivero
155,CEIP TRAPICHE,https://www3.gobiernodecanarias.org/medusa/mediateca/ceipeltrapiche
156,Servicio de Actividades Complementarias y Extraescolares,https://www3.gobiernodecanarias.org/medusa/mediateca/servicioactividadescomplementarias
157,Martín Miranda Radio,https://www3.gobiernodecanarias.org/medusa/mediateca/iesprofesormartinmiranda
158,IES Villa de Firgas,https://www3.gobiernodecanarias.org/medusa/mediateca/iesvilladefirgas
159,MEDIATECA del CEIP DOCTOR GREGORIO CHIL,https://www3.gobiernodecanarias.org/medusa/mediateca/ceipdoctorgregoriochilynaranjo
160,Mediateca La Rosa,https://www3.gobiernodecanarias.org/medusa/mediateca/ceiplarosacaminoviejo
161,MEDIATECA EASD GRAN CANARIA,https://www3.gobiernodecanarias.org/medusa/mediateca/easdgrancanaria
162,Mediateca del IES Santa María de Guía,https://www3.gobiernodecanarias.org/medusa/mediateca/iessantamariadeguia
163,Radio Alpaca,https://www3.gobiernodecanarias.org/medusa/mediateca/iesvegadesanmateo
164,Mediateca IES Bañaderos,https://www3.gobiernodecanarias.org/medusa/mediateca/iesbanaderos
165,CEIP SAN JOSÉ,https://www3.gobiernodecanarias.org/medusa/mediateca/ceipsanjose
166,CEPA ARUCAS Y FIRGAS,https://www3.gobiernodecanarias.org/medusa/mediateca/cepaarucasyfirgasfernandomarreropulido
167,CEIP TÍNCER,https://www3.gobiernodecanarias.org/medusa/mediateca/ceiptincer
168,IES LUCAS MARTÍN ESPINO,https://www3.gobiernodecanarias.org/medusa/mediateca/ieslucasmartinespino
169,MEDIATECA GARCIA ESCAMEZ,https://www3.gobiernodecanarias.org/medusa/mediateca/ceipgarciaescamez
170,CEOBYM MEDIATECA,https://www3.gobiernodecanarias.org/medusa/mediateca/ceobethencourtymolina
171,Mediateca IES Los Naranjeros,https://www3.gobiernodecanarias.org/medusa/mediateca/ieslosnaranjeros
172,Ceip Santa Cruz de California,https://www3.gobiernodecanarias.org/medusa/mediateca/ceipsantacruzdecalifornia
173,IES Casas Nuevas,https://www3.gobiernodecanarias.org/medusa/mediateca/iescasasnuevas
174,Rayca,https://www3.gobiernodecanarias.org/medusa/mediateca/ceipramonycajal
175,CEIP TOMÁS DE IRIARTE,https://www3.gobiernodecanarias.org/medusa/mediateca/ceiptomasdeiriarte
176,IES ANA LUISA BENÍTEZ,https://www3.gobiernodecanarias.org/medusa/mediateca/iesanaluisabenitez
177,Mediateca del Monzón,https://www3.gobiernodecanarias.org/medusa/mediateca/iesfranciscohernandezmonzon
178,CEIP MONTAÑA ROJA,https://www3.gobiernodecanarias.org/medusa/mediateca/ceipmontanaroja
179,Colegio Pintor Manolo Millares,https://www3.gobiernodecanarias.org/medusa/mediateca/ceippintormanolomillares
180,MediatecaJCR,https://www3.gobiernodecanarias.org/medusa/mediateca/ceipjuancruzruiz
181,CEIP Mª del Carmen Fernández Melián,https://www3.gobiernodecanarias.org/medusa/mediateca/ceipmariadelcarmenfernandezmelian
182,Canal de Igualdad y Educación Afectivo Sexual,https://www3.gobiernodecanarias.org/medusa/mediateca/igualdad
183,CEIP ADOLFO TOPHAM,https://www3.gobiernodecanarias.org/medusa/mediateca/ceipadolfotopham
184,IES CANDIDO MARANTE EXPÓSITO,https://www3.gobiernodecanarias.org/medusa/mediateca/iescandidomaranteexposito
185,Mediateca del IES Cairasco de Figueroa,https://www3.gobiernodecanarias.org/medusa/mediateca/iescairascodefigueroa
186,IES EUSEBIO BARRETO LORENZO,https://www3.gobiernodecanarias.org/medusa/mediateca/ieseusebiobarretolorenzo
187,CEIP BILINGÜE FERNANDO LEÓN Y CASTILLO,https://www3.gobiernodecanarias.org/medusa/mediateca/ceipfernandoleonycastillo
188,CEIP IBERIA,https://www3.gobiernodecanarias.org/medusa/mediateca/ceipiberia
189,El Jable,https://www3.gobiernodecanarias.org/medusa/mediateca/ceipcostacalma
190,CEIP Manolo Ortega,https://www3.gobiernodecanarias.org/medusa/mediateca/ceipmanoloortega
191,MEDIATECA CEO MOGÁN,https://www3.gobiernodecanarias.org/medusa/mediateca/ceomogan
192,IES GRAN TARAJAL,https://www3.gobiernodecanarias.org/medusa/mediateca/iesgrantarajal
193,Ceip Cristóbal García Blairzy,https://www3.gobiernodecanarias.org/medusa/mediateca/ceipcristobalgarciablairzy
194,CEIP ALCALDE DIEGO TRUJILLO RODRÍGUEZ,https://www3.gobiernodecanarias.org/medusa/mediateca/ceipalcaldediegotrujillorodriguez
195,CER Moya,https://www3.gobiernodecanarias.org/medusa/mediateca/cermoya
196,ceipleonycastillo,https://www3.gobiernodecanarias.org/medusa/mediateca/ceipleonycastillo
197,CEIP VÍCTOR RODRÍGUEZ JIMÉNEZ,https://www3.gobiernodecanarias.org/medusa/mediateca/ceipvictorrodriguezjimenez
198,Radio Educat-Higa,https://www3.gobiernodecanarias.org/medusa/mediateca/ceipsantateresadejesus
199,MEDIATECA C.PROFES.LAPALMA,https://www3.gobiernodecanarias.org/medusa/mediateca/cprofeslapalma
200,IES SANTA LUCÍA,https://www3.gobiernodecanarias.org/medusa/mediateca/iessantalucia
201,IES Puerto Cabras Rafael Báez,https://www3.gobiernodecanarias.org/medusa/mediateca/iesenpuertodelrosario
202,CEO Barlovento,https://www3.gobiernodecanarias.org/medusa/mediateca/ceobarlovento
203,Mediateca CEO La Pared,https://www3.gobiernodecanarias.org/medusa/mediateca/ceolapared
204,ceipmarpequeña,https://www3.gobiernodecanarias.org/medusa/mediateca/ceipmarpequena
205,CEIP Rafael Gaviño ,https://www3.gobiernodecanarias.org/medusa/mediateca/ceiprafaelgavinodelbosque
206,IES El Doctoral ,https://www3.gobiernodecanarias.org/medusa/mediateca/ieseldoctoral
207,Mediateca IES Jinámar,https://www3.gobiernodecanarias.org/medusa/mediateca/iesjinamar
208,IES EL BATÁN,https://www3.gobiernodecanarias.org/medusa/mediateca/ieselbatan
209,CEP La Gomera,https://www3.gobiernodecanarias.org/medusa/mediateca/cprofeslagomera
210,CEIP La Lajita,https://www3.gobiernodecanarias.org/medusa/mediateca/ceiplalajita
211,CEIP TARAJALEJO,https://www3.gobiernodecanarias.org/medusa/mediateca/ceiptarajalejo
212,MEDIATECA del CEPA Farola de Santa Cruz,https://www3.gobiernodecanarias.org/medusa/mediateca/cepafaroladesantacruz
213,CEIP LOPE DE GUERRA,https://www3.gobiernodecanarias.org/medusa/mediateca/ceiplopedeguerra
214,Mediateca IES Doramas,https://www3.gobiernodecanarias.org/medusa/mediateca/iesdoramas
215,CEIP Taibique,https://www3.gobiernodecanarias.org/medusa/mediateca/ceiptaibique
216,Canal CEIP Las Dunas,https://www3.gobiernodecanarias.org/medusa/mediateca/ceiplasdunas
217,CEIP. SAMOGA,https://www3.gobiernodecanarias.org/medusa/mediateca/ceipsamoga
218,CEIP Agustín Hernández Díaz,https://www3.gobiernodecanarias.org/medusa/mediateca/ceipagustinhernandezdiaz
219,IES AGUSTÍN ESPINOSA -LANZAROTE,https://www3.gobiernodecanarias.org/medusa/mediateca/iesagustinespinosa
220,GuajaraTube,https://www3.gobiernodecanarias.org/medusa/mediateca/ceoguajara
221,CEIP ERNESTO CASTRO FARIÑAS,https://www3.gobiernodecanarias.org/medusa/mediateca/ceipernestocastrofarina
222,CEIP GUIGUAN,https://www3.gobiernodecanarias.org/medusa/mediateca/ceipguiguan
223,Europa-Néstor,https://www3.gobiernodecanarias.org/medusa/mediateca/ceipeuropanestoralamo
224,ALMACÉN DIGITAL,https://www3.gobiernodecanarias.org/medusa/mediateca/ieslasveredillas
225,IES Tomás de Iriarte,https://www3.gobiernodecanarias.org/medusa/mediateca/iestomasdeiriarte
226,Repositorio,https://www3.gobiernodecanarias.org/medusa/mediateca/easdfernandoestevez
227,APRENDIENDO A PENSAR - EGA,https://www3.gobiernodecanarias.org/medusa/mediateca/ceipemeteriogutierrezalbeloaguagarcia
228,CEIP ROQUE AGUAYRO,https://www3.gobiernodecanarias.org/medusa/mediateca/ceiproqueaguayro
229,Mediateca del IES SAN MATÍAS,https://www3.gobiernodecanarias.org/medusa/mediateca/iessanmatias
230,VídeoClub El Tablero,https://www3.gobiernodecanarias.org/medusa/mediateca/ceipeltablero
231,Blog Chimisay,https://www3.gobiernodecanarias.org/medusa/mediateca/ceipchimisay
232,CEIP SAN FERNANDO DE MASPALOMAS,https://www3.gobiernodecanarias.org/medusa/mediateca/ceipsanfernandodemaspalomas
233,CEIP MARIA SUÁREZ FIOL,https://www3.gobiernodecanarias.org/medusa/mediateca/ceipmariasuarezfiol
234,MediateKa,https://www3.gobiernodecanarias.org/medusa/mediateca/ceippadrecollado
235,MEDIATECA CEIP TEOFILO PÉREZ,https://www3.gobiernodecanarias.org/medusa/mediateca/ceipteofiloperez
236,CEIP DR. JUAN ESPINO SÁNCHEZ,https://www3.gobiernodecanarias.org/medusa/mediateca/ceipdoctorjuanespinosanchez
237,CEPA La Gomera,https://www3.gobiernodecanarias.org/medusa/mediateca/cepalagomera
238,IES BLAS CABRERA FELIPE,https://www3.gobiernodecanarias.org/medusa/mediateca/iesblascabrerafelipe
239,CEIP Cesar Manrique Cabrera,https://www3.gobiernodecanarias.org/medusa/mediateca/ceipcesarmanriquecabrera
240,CEIP ALONSO NAVA Y GRIMÓN,https://www3.gobiernodecanarias.org/medusa/mediateca/ceipalonsonavaygrimon
241,CEIP GUAYONGE,https://www3.gobiernodecanarias.org/medusa/mediateca/ceipguayonge
242,CEIP SAN JOSÉ ARTESANO,https://www3.gobiernodecanarias.org/medusa/mediateca/ceipsanjoseartesano
243,Vídeos de centro,https://www3.gobiernodecanarias.org/medusa/mediateca/iestonygallardo
244,MEDIATECA CEIP DOMÍNGUEZ ALFONSO,https://www3.gobiernodecanarias.org/medusa/mediateca/ceipdominguezalfonso
245,Mediateca del CEIP Bañaderos,https://www3.gobiernodecanarias.org/medusa/mediateca/ceipbanaderos
246,CAPELLANÍA,https://www3.gobiernodecanarias.org/medusa/mediateca/ceipcapellaniadelyagabo
247,Mediateca CEO Antigua,https://www3.gobiernodecanarias.org/medusa/mediateca/ceoantigua
248,CEIP La Estrella,https://www3.gobiernodecanarias.org/medusa/mediateca/ceiplaestrella
249,IES Cruz Santa,https://www3.gobiernodecanarias.org/medusa/mediateca/iescruzsanta
250,IES Benito Pérez Armas,https://www3.gobiernodecanarias.org/medusa/mediateca/iesbenitoperezarmas
251,CEO LEONCIO RODRÍGUEZ,https://www3.gobiernodecanarias.org/medusa/mediateca/ceoleonciorodriguez
252,CEIP FEDERICO GARCÍA LORCA,https://www3.gobiernodecanarias.org/medusa/mediateca/ceipfedericogarcialorca
253,CEIP LA GOLETA,https://www3.gobiernodecanarias.org/medusa/mediateca/ceiplagoleta
254,MEDIATECA,https://www3.gobiernodecanarias.org/medusa/mediateca/ceipalfonsoxelsabio
255,CEIP San José de Calasanz,https://www3.gobiernodecanarias.org/medusa/mediateca/ceipsanjosedecalasanz
256,CEIP TAJINASTE,https://www3.gobiernodecanarias.org/medusa/mediateca/ceiptajinaste
257,El Faro,https://www3.gobiernodecanarias.org/medusa/mediateca/ceipsardinadelnorte
258,Mediateca CEIP Las Torres,https://www3.gobiernodecanarias.org/medusa/mediateca/ceiplastorres
259,Ceip José Sánchez y Sánchez,https://www3.gobiernodecanarias.org/medusa/mediateca/ceipjosesanchezysanchez
260,CEO San Miguel,https://www3.gobiernodecanarias.org/medusa/mediateca/ceoensanmigueldeabona
261,ceipnievestoledo,https://www3.gobiernodecanarias.org/medusa/mediateca/ceipnievestoledo
262,CEIP PLAYA BLANCA,https://www3.gobiernodecanarias.org/medusa/mediateca/ceipplayablanca
263,PARQUE LA REINA,https://www3.gobiernodecanarias.org/medusa/mediateca/ceipparquelareina
264,CastriMedia,https://www3.gobiernodecanarias.org/medusa/mediateca/ceipmariacastrillogarcia
265,iesteobaldopower,https://www3.gobiernodecanarias.org/medusa/mediateca/iesteobaldopower
266,CEIP BILINGÜE LOS TARAHALES,https://www3.gobiernodecanarias.org/medusa/mediateca/ceiplostarahales
267,CEIP NUESTRA SEÑORA DE LA CONCEPCIÓN,https://www3.gobiernodecanarias.org/medusa/mediateca/ceipnuestrasenoradelaconcepcion
268,CEPA Gáldar,https://www3.gobiernodecanarias.org/medusa/mediateca/cepagaldar
269,Mediateca CEIP Concepción Rodríguez Artiles,https://www3.gobiernodecanarias.org/medusa/mediateca/ceipconcepcionrodriguezartiles
270,ceip uga,https://www3.gobiernodecanarias.org/medusa/mediateca/ceipuga
271,CEIP LA GARITA,https://www3.gobiernodecanarias.org/medusa/mediateca/ceiplagarita
272,EOI LAS PALMAS DE GRAN CANARIA,https://www3.gobiernodecanarias.org/medusa/mediateca/eoilaspalmasdegrancanaria
273,EOI LA LAGUNA,https://www3.gobiernodecanarias.org/medusa/mediateca/eoilalaguna
274,EL MONTE,https://www3.gobiernodecanarias.org/medusa/mediateca/ceipelmonte
276,MEDIATECA IES EL CHAPATAL,https://www3.gobiernodecanarias.org/medusa/mediateca/ieselchapatal
277,Mediateca IES Padre Anchieta,https://www3.gobiernodecanarias.org/medusa/mediateca/iespadreanchieta
278,IES Santo Tomás de Aquino,https://www3.gobiernodecanarias.org/medusa/mediateca/iessantotomasdeaquino
279,CEIP FRANCISCA PÉREZ,https://www3.gobiernodecanarias.org/medusa/mediateca/ceipfranciscaperez
280,MEDIATECA CEO ARGANA,https://www3.gobiernodecanarias.org/medusa/mediateca/ceoargana
281,Cooperación y Solidaridad,https://www3.gobiernodecanarias.org/medusa/mediateca/cooperacionysolidaridad
282,Guille_testing,https://www3.gobiernodecanarias.org/medusa/mediateca/otroscentrovirtualoficinamedusatfe
283,CEIP VIRGEN DE LOS VOLCANES,https://www3.gobiernodecanarias.org/medusa/mediateca/ceipvirgendelosvolcanes
284,Onfraile,https://www3.gobiernodecanarias.org/medusa/mediateca/ceipelfraile
285,CEIP LA HUBARA,https://www3.gobiernodecanarias.org/medusa/mediateca/ceiplahubara
286,Alonsoteca,https://www3.gobiernodecanarias.org/medusa/mediateca/iesalonsoquesada
287,Mediateca CEIP Juan García Pérez,https://www3.gobiernodecanarias.org/medusa/mediateca/ceipjuangarciaperez
288,Princesa Tejina,https://www3.gobiernodecanarias.org/medusa/mediateca/ceipprincesatejina
289,Mediatecamenceyes,https://www3.gobiernodecanarias.org/medusa/mediateca/ceiplosmenceyes
290,IES TÍAS,https://www3.gobiernodecanarias.org/medusa/mediateca/iestias
291,Ceip Buzanada,https://www3.gobiernodecanarias.org/medusa/mediateca/ceipbuzanada
292,CEIP HILDA ZUDÁN,https://www3.gobiernodecanarias.org/medusa/mediateca/ceiphildazudan
293,Miguel de Santiago,https://www3.gobiernodecanarias.org/medusa/mediateca/ceipmigueldesantiago
294,Millares TV,https://www3.gobiernodecanarias.org/medusa/mediateca/ceipagustinmillarescarlo
295,"CEO Motor Grande, Rosa Padrón Pulido",https://www3.gobiernodecanarias.org/medusa/mediateca/ceomotorgranderosapadronpulido
296,MEDIATECA PLAYA HONDA,https://www3.gobiernodecanarias.org/medusa/mediateca/ceipplayahonda
297,CEE Nuestra Señora de los Volcanes,https://www3.gobiernodecanarias.org/medusa/mediateca/ceeensdelosvolcanes
298,CEIP ARAYA,https://www3.gobiernodecanarias.org/medusa/mediateca/ceiparaya
299,CEIP ARGANA ALTA,https://www3.gobiernodecanarias.org/medusa/mediateca/ceiparganaalta
300,CEIP LA GARITA ARRIETA,https://www3.gobiernodecanarias.org/medusa/mediateca/ceiplagaritaarrieta
301,IESPUNTALARGA,https://www3.gobiernodecanarias.org/medusa/mediateca/iespuntalarga
302,CEIP Tiscamanita,https://www3.gobiernodecanarias.org/medusa/mediateca/ceiptiscamanita
303,CURSO 2022-2023,https://www3.gobiernodecanarias.org/medusa/mediateca/iesmarinacebrian
304,CEIP Ángel Guimerá,https://www3.gobiernodecanarias.org/medusa/mediateca/ceipangelguimera
305,CEIP Playa de Mogán,https://www3.gobiernodecanarias.org/medusa/mediateca/ceipplayademogan
306,MEDIATECA CEIP LA  OLIVA,https://www3.gobiernodecanarias.org/medusa/mediateca/ceiplaoliva
307,CEIP IGUESTE,https://www3.gobiernodecanarias.org/medusa/mediateca/ceipigueste
308,CEIP Benito Méndez Tarajano,https://www3.gobiernodecanarias.org/medusa/mediateca/ceipbenitomendeztarajano
309,IES SANTA ANA MEDIATECA,https://www3.gobiernodecanarias.org/medusa/mediateca/iessantaana
310,Radio Erjos,https://www3.gobiernodecanarias.org/medusa/mediateca/ceiperjos
311,Mediateca IES Cruce de Arinaga,https://www3.gobiernodecanarias.org/medusa/mediateca/iescrucedearinaga
312,Rincón Villalba,https://www3.gobiernodecanarias.org/medusa/mediateca/iesvillalbahervas
313,CEPA COMARCA,https://www3.gobiernodecanarias.org/medusa/mediateca/cepacomarcanordestedetenerife
314,CEIP LAS TEDERAS,https://www3.gobiernodecanarias.org/medusa/mediateca/ceiplastederas
315,IES Pérez Galdós,https://www3.gobiernodecanarias.org/medusa/mediateca/iesperezgaldos
316,BANCO VISUAL PRÍNCIPE DE ASTURIAS,https://www3.gobiernodecanarias.org/medusa/mediateca/ceipprincipedeasturias
317,Los Giles Radio y TV,https://www3.gobiernodecanarias.org/medusa/mediateca/ceiplosgiles
318,C.E.I.P. Los Andenes de Taco,https://www3.gobiernodecanarias.org/medusa/mediateca/ceiplosandenesdetaco
319,Mediateca Palo Blanco,https://www3.gobiernodecanarias.org/medusa/mediateca/ceippaloblanco
320,Carmen Álvarez de la Rosa,https://www3.gobiernodecanarias.org/medusa/mediateca/ceipcarmenalvarezdelarosa
321,CEIP POLICARPO BÁEZ,https://www3.gobiernodecanarias.org/medusa/mediateca/ceippolicarpobaez
322,Ceip Don Benito,https://www3.gobiernodecanarias.org/medusa/mediateca/ceipdonbenito
323,CEIP LAS MESAS,https://www3.gobiernodecanarias.org/medusa/mediateca/ceiplasmesas
324,Mediateca CEO Príncipe Felipe,https://www3.gobiernodecanarias.org/medusa/mediateca/ceoprincipefelipe
325,RADIO CABRERA PINTO,https://www3.gobiernodecanarias.org/medusa/mediateca/iescanariascabrerapinto
326,CEIP TEMISAS,https://www3.gobiernodecanarias.org/medusa/mediateca/ceiptemisas
327,Mediateca CEIP Villa Ascensión,https://www3.gobiernodecanarias.org/medusa/mediateca/ceipvillaascension
328,TIMPLIMEDIA,https://www3.gobiernodecanarias.org/medusa/mediateca/ceiptimplistajoseantonioramos
329,Orozcoteca,https://www3.gobiernodecanarias.org/medusa/mediateca/ceoandresorozco
330,CEIP Tefía,https://www3.gobiernodecanarias.org/medusa/mediateca/ceiptefia
331,IES Vigán,https://www3.gobiernodecanarias.org/medusa/mediateca/iesvigan
332,CEIP CAMINO DE LA MADERA,https://www3.gobiernodecanarias.org/medusa/mediateca/ceipcaminodelamadera
333,CEIP Plácido Fleitas,https://www3.gobiernodecanarias.org/medusa/mediateca/ceipplacidofleitas
334,CEIP TOSTÓN,https://www3.gobiernodecanarias.org/medusa/mediateca/ceiptoston
335,CEIP Valles de Ortega,https://www3.gobiernodecanarias.org/medusa/mediateca/ceipvallesdeortega
336,IESLasSalinasArrecife,https://www3.gobiernodecanarias.org/medusa/mediateca/ieslassalinas
337,¡¡Los Llanos en ACCIÓN!!,https://www3.gobiernodecanarias.org/medusa/mediateca/ceiplosllanos
338,Mediateca IES Puerto del Rosario,https://www3.gobiernodecanarias.org/medusa/mediateca/iespuertodelrosario
339,CEIP SAN ANTONIO PUERTO DE LA CRUZ,https://www3.gobiernodecanarias.org/medusa/mediateca/ceipsanantonio
340,ceipacentejo,https://www3.gobiernodecanarias.org/medusa/mediateca/ceipacentejo
341,CEIP Gumersindo Martell,https://www3.gobiernodecanarias.org/medusa/mediateca/ceipgumersindomartell
342,CEIP Villaverde,https://www3.gobiernodecanarias.org/medusa/mediateca/ceipvillaverde
343,RadioBoral,https://www3.gobiernodecanarias.org/medusa/mediateca/ieslalaboraldelalaguna
344,CEP DORAMAS,https://www3.gobiernodecanarias.org/medusa/mediateca/cepdoramas
345,EOI de Ingenio,https://www3.gobiernodecanarias.org/medusa/mediateca/eoiingenio
346,CEIP EL MATORRAL,https://www3.gobiernodecanarias.org/medusa/mediateca/ceipelmatorral
348,CEIP PUNTALLANA,https://www3.gobiernodecanarias.org/medusa/mediateca/ceippuntallana
349,CIFP FELO MONZON GRAU-BASSAS,https://www3.gobiernodecanarias.org/medusa/mediateca/cifpfelomonzongraubassas
350,CEIP Pájara,https://www3.gobiernodecanarias.org/medusa/mediateca/ceippajara
351,CEIP FERNANDO III EL SANTO,https://www3.gobiernodecanarias.org/medusa/mediateca/ceipfernandoiiielsanto
352,EOI Valverde,https://www3.gobiernodecanarias.org/medusa/mediateca/eoivalverde
353,IES REALEJOS,https://www3.gobiernodecanarias.org/medusa/mediateca/iesrealejos
354,IES Politécnico Las Palmas,https://www3.gobiernodecanarias.org/medusa/mediateca/iespolitecnicolaspalmas
355,CEE CHACONA,https://www3.gobiernodecanarias.org/medusa/mediateca/ceeechacona
356,CEIP Baldomero Bethencourt Francés,https://www3.gobiernodecanarias.org/medusa/mediateca/ceipbaldomerobethencourt
357,CEIP ALCALDE ALEXIS TEJERA LEMES,https://www3.gobiernodecanarias.org/medusa/mediateca/ceipalcaldealexistejeralemes
358,CEIPABONA,https://www3.gobiernodecanarias.org/medusa/mediateca/ceipabona
359,CEIP. VALLE SAN LORENZO,https://www3.gobiernodecanarias.org/medusa/mediateca/ceipvallesanlorenzo
360,EOI GÜÍMAR,https://www3.gobiernodecanarias.org/medusa/mediateca/eoiguimar
361,CEIP TUINEJE,https://www3.gobiernodecanarias.org/medusa/mediateca/ceiptuineje
362,CER GRAN CANARIA OESTE,https://www3.gobiernodecanarias.org/medusa/mediateca/cergrancanariaoeste
363,CEIP CASAS DE VENEGUERA,https://www3.gobiernodecanarias.org/medusa/mediateca/ceipcasasdeveneguera
364,CEIP LA MONTAÑETA,https://www3.gobiernodecanarias.org/medusa/mediateca/ceiplamontaneta
365,CEIP ENRIQUE GONZÁLEZ MARTÍN,https://www3.gobiernodecanarias.org/medusa/mediateca/ceipenriquegonzalezmartin
366,IES María Pérez Trujillo,https://www3.gobiernodecanarias.org/medusa/mediateca/iesmariapereztrujillo
367,P.eOi.Dcast,https://www3.gobiernodecanarias.org/medusa/mediateca/eoisantacruzdetenerife
368,CEIP Punta Brava,https://www3.gobiernodecanarias.org/medusa/mediateca/ceippuntabrava
369,CEO IGNACIO ALDECOA,https://www3.gobiernodecanarias.org/medusa/mediateca/ceoignacioaldecoa
370,CEIP Juan del Río Ayala,https://www3.gobiernodecanarias.org/medusa/mediateca/ceipjuandelrioayala
371,Mediateca - IES Profesor Juan Pulido Castro,https://www3.gobiernodecanarias.org/medusa/mediateca/iesprofesorjuanpulidocastro
372,IES San Nicolás,https://www3.gobiernodecanarias.org/medusa/mediateca/iessannicolas
373,IES Corralejo,https://www3.gobiernodecanarias.org/medusa/mediateca/iescorralejo
374,Mediateca del IES Playa de Arinaga,https://www3.gobiernodecanarias.org/medusa/mediateca/iesplayadearinaga
375,IES CARRIZAL,https://www3.gobiernodecanarias.org/medusa/mediateca/iescarrizal
376,MEDIATECA CEPA GÜÍMAR,https://www3.gobiernodecanarias.org/medusa/mediateca/cepaguimar
377,Barrio Costa MEDIATECA,https://www3.gobiernodecanarias.org/medusa/mediateca/ceipbarriocosta
378,CEIP LA LOMADA,https://www3.gobiernodecanarias.org/medusa/mediateca/ceiplalomada
379,CER LAS BREÑAS,https://www3.gobiernodecanarias.org/medusa/mediateca/cerlasbrenas
380,IES Playa Honda ,https://www3.gobiernodecanarias.org/medusa/mediateca/iesplayahonda
382,CEIP ADAMANCASIS,https://www3.gobiernodecanarias.org/medusa/mediateca/ceipadamancasis
383,CEIP Las Mercedes,https://www3.gobiernodecanarias.org/medusa/mediateca/ceiplasmercedes
384,Radio MRA,https://www3.gobiernodecanarias.org/medusa/mediateca/iesmariarosaalonso
385,CEIP Ajei,https://www3.gobiernodecanarias.org/medusa/mediateca/ceipajei
386,CEIP El Tablero Gran Canaria,https://www3.gobiernodecanarias.org/medusa/mediateca/ceipeltablerograncanaria
387,CEE PUERTO DEL ROSARIO,https://www3.gobiernodecanarias.org/medusa/mediateca/ceeepuertodelrosario
388,CEIP José Manuel Illera de la Mora,https://www3.gobiernodecanarias.org/medusa/mediateca/ceipjosemanuelilleradelamora
389,CEIP Oasis de Maspalomas,https://www3.gobiernodecanarias.org/medusa/mediateca/ceipoasisdemaspalomas
390,Mediateca La Rocha,https://www3.gobiernodecanarias.org/medusa/mediateca/iesjosefrugoniperez
391,CEIP Tierra del Trigo,https://www3.gobiernodecanarias.org/medusa/mediateca/ceiptierradeltrigo
392,MenceyAcaymo,https://www3.gobiernodecanarias.org/medusa/mediateca/iesmenceyacaymo
393,IES LA ATALAYA,https://www3.gobiernodecanarias.org/medusa/mediateca/ieslaatalaya
394,CEIP ALDEA BLANCA,https://www3.gobiernodecanarias.org/medusa/mediateca/ceipaldeablanca
395,La Mediateca,https://www3.gobiernodecanarias.org/medusa/mediateca/ieslamatanza
396,CEIP JOSE PEREZ VIDAL,https://www3.gobiernodecanarias.org/medusa/mediateca/ceipjoseperezvidal
397,CEPA GUAYAFANTA,https://www3.gobiernodecanarias.org/medusa/mediateca/cepaguayafanta
398,CEIP DOCTOR HERNANDEZ BENITEZ,https://www3.gobiernodecanarias.org/medusa/mediateca/ceipdoctorhernandezbenitez
399,CEIP EL TOSCAL-LONGUERA,https://www3.gobiernodecanarias.org/medusa/mediateca/ceiptoscallonguera
400,CEPA Santa Brígida,https://www3.gobiernodecanarias.org/medusa/mediateca/cepasantabrigida
401,CEIP ALCALDE MARCIAL FRANCO,https://www3.gobiernodecanarias.org/medusa/mediateca/ceipalcaldemarcialfranco
402,CEIP PRINCESA ARECIDA,https://www3.gobiernodecanarias.org/medusa/mediateca/ceipprincesaarecida
403,CEIP TEMOCODÁ,https://www3.gobiernodecanarias.org/medusa/mediateca/ceiptemocoda
404,CEIP ALAJERÓ,https://www3.gobiernodecanarias.org/medusa/mediateca/ceipalajero
405,CEIP LA LADERA,https://www3.gobiernodecanarias.org/medusa/mediateca/ceiplaladera
406,CEIP ALOJERA,https://www3.gobiernodecanarias.org/medusa/mediateca/ceipalojera
407,CEIP GENOVÉS,https://www3.gobiernodecanarias.org/medusa/mediateca/ceipgenoves
408,CEIP El Retamal,https://www3.gobiernodecanarias.org/medusa/mediateca/ceipelretamal
409,CER LAS PALMAS ARUCAS (35707713),https://www3.gobiernodecanarias.org/medusa/mediateca/cerlaspalmasarucas
410,CEIP EL TOSCÓN(35006278),https://www3.gobiernodecanarias.org/medusa/mediateca/ceipeltoscon
411,Podcast de la EOI Puerto de la Cruz,https://www3.gobiernodecanarias.org/medusa/mediateca/eoipuertodelacruz
412,MEDIATECA IES TEGUISE,https://www3.gobiernodecanarias.org/medusa/mediateca/iesteguise
413,CEIP Soo,https://www3.gobiernodecanarias.org/medusa/mediateca/ceipsoo
414,CEIP Punta Larga,https://www3.gobiernodecanarias.org/medusa/mediateca/ceippuntalarga
415,CEO Mario Lhermet Vallier,https://www3.gobiernodecanarias.org/medusa/mediateca/ceomariolhermetvallier
416,IES Pablo Montesino,https://www3.gobiernodecanarias.org/medusa/mediateca/iespablomontesino
417,MEDIATECA CHARCO DEL PINO,https://www3.gobiernodecanarias.org/medusa/mediateca/ceipcharcodelpino
418,Mediateca CEIP San Fernando,https://www3.gobiernodecanarias.org/medusa/mediateca/ceipsanfernando
419,Radiominik-conecta2,https://www3.gobiernodecanarias.org/medusa/mediateca/iesdomingoperezminik
420,Sagaseta,https://www3.gobiernodecanarias.org/medusa/mediateca/iesfernandosagaseta
421,EA Pancho Lasso,https://www3.gobiernodecanarias.org/medusa/mediateca/eapancholasso
422,Mediateca IES TÁMARA,https://www3.gobiernodecanarias.org/medusa/mediateca/iestamara
423,CEIP San Matías,https://www3.gobiernodecanarias.org/medusa/mediateca/ceipsanmatias
424,Mediateca MRA 22-23,https://www3.gobiernodecanarias.org/medusa/mediateca/ceipmariarosaalonso
425,MEDIATECA CEIP SANTA LUCÍA,https://www3.gobiernodecanarias.org/medusa/mediateca/ceipsantalucia
426,CEIP CAMPINO,https://www3.gobiernodecanarias.org/medusa/mediateca/ceipcampino
427,CEPA Valverde,https://www3.gobiernodecanarias.org/medusa/mediateca/cepavalverde
428,CEE INES FUENTES Y GONZÁLEZ DE ALEDO,https://www3.gobiernodecanarias.org/medusa/mediateca/ceeeinesfuentesygonzalezdealedo
429,IES YAIZA,https://www3.gobiernodecanarias.org/medusa/mediateca/iesyaiza
430,IES Jerónimo Saavedra,https://www3.gobiernodecanarias.org/medusa/mediateca/iesjeronimosaavedra
431,GALERIA CÉSAR,https://www3.gobiernodecanarias.org/medusa/mediateca/ceipcesarmanrique
432,MEDIATECA CEIP MONTAÑA LOS VÉLEZ,https://www3.gobiernodecanarias.org/medusa/mediateca/ceipmontanalosvelez
433,CEIP Bernabé Figueroa,https://www3.gobiernodecanarias.org/medusa/mediateca/ceipbernabefigueroaumpierrez
434,IES MESA Y LÓPEZ,https://www3.gobiernodecanarias.org/medusa/mediateca/iesmesaylopez
435,EOI FUERTEVENTURA,https://www3.gobiernodecanarias.org/medusa/mediateca/eoipuertodelrosario
436,IES Primero de Mayo,https://www3.gobiernodecanarias.org/medusa/mediateca/iesprimerodemayo
437,Cole de El Valle,https://www3.gobiernodecanarias.org/medusa/mediateca/ceipanabetancorestupinan
438,Cercado Espino,https://www3.gobiernodecanarias.org/medusa/mediateca/ceipcercadodeespino
439,CEIP ANTONIO ZEROLO,https://www3.gobiernodecanarias.org/medusa/mediateca/ceipantoniozerolo
440,Mediateca CEIP La Era,https://www3.gobiernodecanarias.org/medusa/mediateca/ceiplaera
441,I.E.S. Las Brenas,https://www3.gobiernodecanarias.org/medusa/mediateca/ieslasbrenas
442,CEIP YAIZA,https://www3.gobiernodecanarias.org/medusa/mediateca/ceipyaiza
443,iesdetafiranelsonmandela,https://www3.gobiernodecanarias.org/medusa/mediateca/iestafira
444,CEIP FRANCISCO AFONSO CARRILLO,https://www3.gobiernodecanarias.org/medusa/mediateca/ceipfranciscoafonsocarrillo
445,CEIP Tao,https://www3.gobiernodecanarias.org/medusa/mediateca/ceiptao
446,CEIP Munique,https://www3.gobiernodecanarias.org/medusa/mediateca/ceipmunique
447,CEIP Los Valles,https://www3.gobiernodecanarias.org/medusa/mediateca/ceiplosvalles
448,CEIP Las Brenas Lanzarote,https://www3.gobiernodecanarias.org/medusa/mediateca/ceiplasbrenas
449,CEIP Chayofa,https://www3.gobiernodecanarias.org/medusa/mediateca/ceipchayofa
450,IES SCHAMANN,https://www3.gobiernodecanarias.org/medusa/mediateca/iesschamann
451,CEIP La Vegueta,https://www3.gobiernodecanarias.org/medusa/mediateca/ceiplavegueta
452,IES Sabino Berthelot,https://www3.gobiernodecanarias.org/medusa/mediateca/iessabinoberthelot
453,CEIP Guime,https://www3.gobiernodecanarias.org/medusa/mediateca/ceipguime
454,IES VECINDARIO,https://www3.gobiernodecanarias.org/medusa/mediateca/iesvecindario
455,CEIP Mesa y Lopez,https://www3.gobiernodecanarias.org/medusa/mediateca/ceipmesaylopez
456,ceipaponte,https://www3.gobiernodecanarias.org/medusa/mediateca/ceipaponte
457,CEIPLASAMERICAS,https://www3.gobiernodecanarias.org/medusa/mediateca/ceipplayalasamericas
458,CervanTECA,https://www3.gobiernodecanarias.org/medusa/mediateca/ceipmigueldecervantes
459,CEIP LOLA MASSIEU LA ANGOSTURA,https://www3.gobiernodecanarias.org/medusa/mediateca/ceiplolamassieulaangostura
460,MEDIATECA CEIP SECUNDINO DELGADO,https://www3.gobiernodecanarias.org/medusa/mediateca/ceipsecundinodelgado
461,IES LOS TARAHALES,https://www3.gobiernodecanarias.org/medusa/mediateca/ieslostarahales
462,CEIP San Juan,https://www3.gobiernodecanarias.org/medusa/mediateca/ceipsanjuan
463,Digital del Atlantico,https://www3.gobiernodecanarias.org/medusa/mediateca/iesferiadelatlantico
464,CEPA FUERTEVENTURA SUR,https://www3.gobiernodecanarias.org/medusa/mediateca/cepafuerteventurasur
465,Mediateca CEIP El Roque,https://www3.gobiernodecanarias.org/medusa/mediateca/ceipelroque
466,catolica,https://www3.gobiernodecanarias.org/medusa/mediateca/ceipisabellacatolica
467,cepalaspalmas,https://www3.gobiernodecanarias.org/medusa/mediateca/cepalaspalmas
468,CEIP Buenavista de Abajo,https://www3.gobiernodecanarias.org/medusa/mediateca/ceipbuenavistadeabajo
469,COLEGIO AMELIA VEGA MONZON,https://www3.gobiernodecanarias.org/medusa/mediateca/ceipameliavega
470,CEIP INFANTA ELENA,https://www3.gobiernodecanarias.org/medusa/mediateca/ceipinfantaelena
471,CEIP Mararia,https://www3.gobiernodecanarias.org/medusa/mediateca/ceipmararia
472,Área de Salud Escolar y Estilos de Vida Saludable,https://www3.gobiernodecanarias.org/medusa/mediateca/saludescolar
473,CEIP EL RIO,https://www3.gobiernodecanarias.org/medusa/mediateca/ceipelrio
474,CEIP Antonito El Farero,https://www3.gobiernodecanarias.org/medusa/mediateca/ceipantonitoelfarero
475,IESICHASAGUA,https://www3.gobiernodecanarias.org/medusa/mediateca/iesichasagua
476,CEIP EL PUERTITO,https://www3.gobiernodecanarias.org/medusa/mediateca/ceipelpuertitodeguimar
477,CEIP Ntra. Sra. de la Luz,https://www3.gobiernodecanarias.org/medusa/mediateca/ceipnuestrasenoradelaluz
478,CEIP Tigaday_Mediateca,https://www3.gobiernodecanarias.org/medusa/mediateca/ceiptigaday
479,Mediateca CEIP Cardonal I,https://www3.gobiernodecanarias.org/medusa/mediateca/ceipcardonali
480,CEIP MANUEL GALVAN DE LAS CASAS,https://www3.gobiernodecanarias.org/medusa/mediateca/ceipmanuelgalvandelascasas
481,CEIP Teobaldo Power,https://www3.gobiernodecanarias.org/medusa/mediateca/ceipteobaldopower
482,CEIP BOTAZO,https://www3.gobiernodecanarias.org/medusa/mediateca/ceipbotazo
483,CEIP El Cuchillo,https://www3.gobiernodecanarias.org/medusa/mediateca/ceipelcuchillo
484,CEIP SAN BENITO LA LAGUNA,https://www3.gobiernodecanarias.org/medusa/mediateca/ceipsanbenito
485,MEDIATECA CEIP LOS VERODES,https://www3.gobiernodecanarias.org/medusa/mediateca/ceiplosverodes
486,MediaCER,https://www3.gobiernodecanarias.org/medusa/mediateca/cergranadilladeabona
487,CEIP Poeta Francisco Tarajano,https://www3.gobiernodecanarias.org/medusa/mediateca/ceippoetafranciscotarajano
488,CEIP EMETERIO GUTIERREZ ALBELO - Icod de los Vinos,https://www3.gobiernodecanarias.org/medusa/mediateca/ceipemeteriogutierrezalbelo
491,CEIP FANABE,https://www3.gobiernodecanarias.org/medusa/mediateca/ceipfanabe
492,EOI Santa Brigida,https://www3.gobiernodecanarias.org/medusa/mediateca/eoisantabrigida
494,CEIP Claudio de la Torre,https://www3.gobiernodecanarias.org/medusa/mediateca/ceipclaudiodelatorre
495,CEIP Esteban Navarro Snchez,https://www3.gobiernodecanarias.org/medusa/mediateca/ceipestebannavarrosanchez
496,La biblioteca de El Faro,https://www3.gobiernodecanarias.org/medusa/mediateca/iesfarodemaspalomas
497,CEIP Tamaimo,https://www3.gobiernodecanarias.org/medusa/mediateca/ceiptamaimo
498,ceipsanjuantelde,https://www3.gobiernodecanarias.org/medusa/mediateca/ceipsanjuantelde
499,Mediateca IES Valle Guerra,https://www3.gobiernodecanarias.org/medusa/mediateca/iesvalleguerra
500,CEIP LA DESTILA,https://www3.gobiernodecanarias.org/medusa/mediateca/ceipladestila
501,CEIP Nuestra Sra del Buen Viaje,https://www3.gobiernodecanarias.org/medusa/mediateca/ceipnuestrasenoradelbuenviaje
502,CEIP PROFESOR RAFAEL GOMEZ SANTOS,https://www3.gobiernodecanarias.org/medusa/mediateca/ceipprofesorrafaelgomezsantos
503,IES San Marcos,https://www3.gobiernodecanarias.org/medusa/mediateca/iessanmarcos
504,CEIP FELICIANO HERNANDEZ GARCIA,https://www3.gobiernodecanarias.org/medusa/mediateca/ceipfelicianohernandezgarcia
505,CEIP LOS CANARIOS,https://www3.gobiernodecanarias.org/medusa/mediateca/ceiploscanarios
506,CEIP. VILLA DE ARICO,https://www3.gobiernodecanarias.org/medusa/mediateca/ceipvilladearico
507,IES Granadilla de Abona,https://www3.gobiernodecanarias.org/medusa/mediateca/iesgranadilla
508,CIFP CRUZ DE PIEDRA,https://www3.gobiernodecanarias.org/medusa/mediateca/cifpcruzdepiedra
509,ceiptagorortfe,https://www3.gobiernodecanarias.org/medusa/mediateca/ceiptagorortfe
510,CEIP PADILLA,https://www3.gobiernodecanarias.org/medusa/mediateca/ceippadilla
511,CEIP DJM,https://www3.gobiernodecanarias.org/medusa/mediateca/ceipdomingojuanmanrique
512,CEIP CESAR MANRIQUE - PTO CRUZ,https://www3.gobiernodecanarias.org/medusa/mediateca/ceipcesarmanriqueptocruz
513,CEIP Anselmo Perez de Brito,https://www3.gobiernodecanarias.org/medusa/mediateca/ceipanselmoperezbrito
514,Mediateca IES Garachico,https://www3.gobiernodecanarias.org/medusa/mediateca/iesgarachicoalcaldelorenzodorta
515,CEIP SANTA ROSA DE LIMA,https://www3.gobiernodecanarias.org/medusa/mediateca/ceipsantarosadelima
516,Mediateca del IES Jandia,https://www3.gobiernodecanarias.org/medusa/mediateca/iesjandia
517,CEPA Titerroygatra,https://www3.gobiernodecanarias.org/medusa/mediateca/cepatiterroygatra
519,CEIP LAS CHUMBERAS,https://www3.gobiernodecanarias.org/medusa/mediateca/ceiplaschumberas
520,CEIP POETA MONTIANO PLACERES,https://www3.gobiernodecanarias.org/medusa/mediateca/ceippoetamontianoplaceres
521,Mediateca EOI Arucas,https://www3.gobiernodecanarias.org/medusa/mediateca/eoiarucas
522,Vdeos de centro,https://www3.gobiernodecanarias.org/medusa/mediateca/cifptonygallardo
523,CEIP LA CUMBRITA,https://www3.gobiernodecanarias.org/medusa/mediateca/ceiplacumbrita
524,MEDIATECA CEIP M. PELADA,https://www3.gobiernodecanarias.org/medusa/mediateca/ceipmontanapelada
525,Ceip Virgen del Pilar Chimiche,https://www3.gobiernodecanarias.org/medusa/mediateca/ceipvirgendelpilar
526,CEIP NESTOR DE LA TORRE,https://www3.gobiernodecanarias.org/medusa/mediateca/ceipnestordelatorre
527,CEIP LOS ABRIGOS,https://www3.gobiernodecanarias.org/medusa/mediateca/ceiplosabrigos
528,CEIP PINTOR NESTOR,https://www3.gobiernodecanarias.org/medusa/mediateca/ceippintornestor
529,EOI MASPALOMAS,https://www3.gobiernodecanarias.org/medusa/mediateca/eoimaspalomas
530,CEIP Los Blanquitos,https://www3.gobiernodecanarias.org/medusa/mediateca/ceiplosblanquitos
531,UEC,https://www3.gobiernodecanarias.org/medusa/mediateca/iespuntagorda
532,Aula Unidad Pediátrica Hospital Santa Cruz,https://www3.gobiernodecanarias.org/medusa/mediateca/aulaunidadpediatricahospitalstacruz
533,Aula Hospital Dr. José Molina Orosa,https://www3.gobiernodecanarias.org/medusa/mediateca/aulahospitaldoctorjosemolinaorosa
534,CEIPMariaauxiliadora,https://www3.gobiernodecanarias.org/medusa/mediateca/ceipmariaauxiliadora
535,CEIP LUCIA JIMENEZ OLIVA,https://www3.gobiernodecanarias.org/medusa/mediateca/ceipluciajimenezoliva
536,CEIP JINAMAR FASE V,https://www3.gobiernodecanarias.org/medusa/mediateca/ceipjinamarfasev
537,IES GUAZA,https://www3.gobiernodecanarias.org/medusa/mediateca/iesguaza
538,CIFP La Laguna,https://www3.gobiernodecanarias.org/medusa/mediateca/cifplalaguna
539,CEIP El Roque San Miguel ,https://www3.gobiernodecanarias.org/medusa/mediateca/ceipelroquesan%20miguel
540,CEIP El Roque San Miguel ,https://www3.gobiernodecanarias.org/medusa/mediateca/ceipelroquesanmiguel
541,IES LA MINILLA,https://www3.gobiernodecanarias.org/medusa/mediateca/ieslaminilla
542,CEPA FUERTEVENTURA NORTE,https://www3.gobiernodecanarias.org/medusa/mediateca/cepafuerteventuranorte
543,CEIP SALAMANCA,https://www3.gobiernodecanarias.org/medusa/mediateca/ceipsalamanca
544,CEIP DR.ALFONSO SPNOLA,https://www3.gobiernodecanarias.org/medusa/mediateca/ceipdoctoralfonsospinola
545,CER El Hierro,https://www3.gobiernodecanarias.org/medusa/mediateca/cerelhierro
546,CEIP Francisco Navarro Artiles,https://www3.gobiernodecanarias.org/medusa/mediateca/ceipfrancisconavarroartiles
547,CEIP ARAGON,https://www3.gobiernodecanarias.org/medusa/mediateca/ceiparagon
548,CER ANAGA,https://www3.gobiernodecanarias.org/medusa/mediateca/ceranaga
549,Mencey Bentor,https://www3.gobiernodecanarias.org/medusa/mediateca/ceipmenceybentor
550,CEIP PLUS ULTRA,https://www3.gobiernodecanarias.org/medusa/mediateca/ceipplusultra
551,Aula Hospital Materno Infantil,https://www3.gobiernodecanarias.org/medusa/mediateca/aulahospitalmaternoinfantil
552,IES PUERTO DEL CARMEN,https://www3.gobiernodecanarias.org/medusa/mediateca/iespuertodelcarmen
553,CEIP Virgen de Fatima,https://www3.gobiernodecanarias.org/medusa/mediateca/ceipvirgendefatima
554,CEIP Miguel Pintor Gonzlez,https://www3.gobiernodecanarias.org/medusa/mediateca/ceipmiguelpintorgonzalez
555,Escuela Oficial de Idiomas Los Cristianos,https://www3.gobiernodecanarias.org/medusa/mediateca/eoiloscristianos
556,CEIP Froilan Hernandez Gonzalez,https://www3.gobiernodecanarias.org/medusa/mediateca/ceipfroilanhernandezgonzalez
557,CEIP Montana Pacho,https://www3.gobiernodecanarias.org/medusa/mediateca/ceipmontanapacho
558,MEDIATECA CEIP SANTA CATALINA,https://www3.gobiernodecanarias.org/medusa/mediateca/ceipsantacatalina
559,Mediateca CER Firgas,https://www3.gobiernodecanarias.org/medusa/mediateca/cerfirgas
560,CEIP FRONTON,https://www3.gobiernodecanarias.org/medusa/mediateca/ceipfronton
561,CEIP JOSE ESQUIVEL,https://www3.gobiernodecanarias.org/medusa/mediateca/ceipjoseesquivel
562,IES LUIS DIEGO CUSCOY,https://www3.gobiernodecanarias.org/medusa/mediateca/iesluisdiegocuscoy
563,IES La Victoria,https://www3.gobiernodecanarias.org/medusa/mediateca/ieslavictoriaalfonsofernandezgarcia
564,Mediateca CEIP Rambla Santa Cruz,https://www3.gobiernodecanarias.org/medusa/mediateca/ceiprambladesantacruz
565,CEIP GUENIA,https://www3.gobiernodecanarias.org/medusa/mediateca/ceipguenia
566,Mediateca CEIP El Ortigal,https://www3.gobiernodecanarias.org/medusa/mediateca/ceipelortigal
567,CEIP BRENA,https://www3.gobiernodecanarias.org/medusa/mediateca/ceipbrena
568,CloriMedia,https://www3.gobiernodecanarias.org/medusa/mediateca/ceipclorindasalazar
569,CEIP La Vega,https://www3.gobiernodecanarias.org/medusa/mediateca/ceiplavega
570,CER BARLOVENTO-SAUCES,https://www3.gobiernodecanarias.org/medusa/mediateca/cerbarloventosauces
571,CEIP MENCEY BENCOMO,https://www3.gobiernodecanarias.org/medusa/mediateca/ceipmenceybencomo
572,Mediateca CEIP La Asomada-Macher,https://www3.gobiernodecanarias.org/medusa/mediateca/ceiplaasomadamacher
573,Ceip machado,https://www3.gobiernodecanarias.org/medusa/mediateca/ceipmachado
574,MEDIATECA CEIP MORRO JABLE,https://www3.gobiernodecanarias.org/medusa/mediateca/ceipmorrojable
575,CEIP BUENLUGAR,https://www3.gobiernodecanarias.org/medusa/mediateca/ceipbuenlugar
576,IES Los Cristianos,https://www3.gobiernodecanarias.org/medusa/mediateca/iesloscristianos
577,CEIP LAS MANCHAS,https://www3.gobiernodecanarias.org/medusa/mediateca/ceiplasmanchas
578,EOI Arrecife,https://www3.gobiernodecanarias.org/medusa/mediateca/eoiarrecife
579,CEIP SAN LORENZO LAS PALMAS,https://www3.gobiernodecanarias.org/medusa/mediateca/ceipsanlorenzo
580,CEIP LOS OLIVOS,https://www3.gobiernodecanarias.org/medusa/mediateca/ceiplosolivos
581,CEIP Granadilla de Abona,https://www3.gobiernodecanarias.org/medusa/mediateca/ceipgranadilladeabona
582,CEAD Las Palmas,https://www3.gobiernodecanarias.org/medusa/mediateca/ceadprofesorfelixperezparrilla
583,CEIP Mariela ,https://www3.gobiernodecanarias.org/medusa/mediateca/ceipmarielacaceresperez
584,Llano de las Naciones,https://www3.gobiernodecanarias.org/medusa/mediateca/ceipllanodelasnaciones
585,CEIP La Salud,https://www3.gobiernodecanarias.org/medusa/mediateca/ceiplasalud
586,CEIP AMPUYENTA,https://www3.gobiernodecanarias.org/medusa/mediateca/ceipampuyenta
587,CEIP Aldea Blanca San Miguel,https://www3.gobiernodecanarias.org/medusa/mediateca/ceipaldeablancasanmiguel
588,Mediateca CEIP Tamaran,https://www3.gobiernodecanarias.org/medusa/mediateca/ceiptamaran
589,CEIP LA ROSA,https://www3.gobiernodecanarias.org/medusa/mediateca/ceiplarosa
590,Mediateca del CEO. Hermano Pedro-Vilaflor,https://www3.gobiernodecanarias.org/medusa/mediateca/ceohermanopedrovilaflor
591,CEIP GABRIEL DUQUE ACOSTA,https://www3.gobiernodecanarias.org/medusa/mediateca/ceipgabrielduqueacosta
592,CEO EN VALLEHERMOSO,https://www3.gobiernodecanarias.org/medusa/mediateca/ceoenvallehermoso
593,CEE El Dorador,https://www3.gobiernodecanarias.org/medusa/mediateca/ceeeeldorador
594,CEIP El Goro,https://www3.gobiernodecanarias.org/medusa/mediateca/ceipelgoro
595,R.E.Pedro Garcia Cabrera,https://www3.gobiernodecanarias.org/medusa/mediateca/repedrogarciacabrera
596,CEIP PUNTAGORDA,https://www3.gobiernodecanarias.org/medusa/mediateca/ceippuntagorda
597,CEIP Armenime,https://www3.gobiernodecanarias.org/medusa/mediateca/ceiparmenime
598,CEIP Pepe Damaso,https://www3.gobiernodecanarias.org/medusa/mediateca/ceippepedamaso
599,Multimedia IESRMP,https://www3.gobiernodecanarias.org/medusa/mediateca/iesramonmenendezpidal
600,NUEVA ATLANTIDA,https://www3.gobiernodecanarias.org/medusa/mediateca/ceipatlantida
601,CEIP SAN ANTONIO,https://www3.gobiernodecanarias.org/medusa/mediateca/ceipsanantoniobbaja
602,CER Santa Cruz de La Palma,https://www3.gobiernodecanarias.org/medusa/mediateca/cersantacruzdelapalma
603,CEIP SAN FERNANDO,https://www3.gobiernodecanarias.org/medusa/mediateca/ceipsanfernandosu
604,CEIP Eduardo Rivero Ramos,https://www3.gobiernodecanarias.org/medusa/mediateca/ceipeduardoriveroramos
605,ceipsanjosemediateca,https://www3.gobiernodecanarias.org/medusa/mediateca/ceipsanjosemediateca
606,CER PUERTO DEL ROSARIO-ANTIGUA-BETANCURIA,https://www3.gobiernodecanarias.org/medusa/mediateca/cerpuertodelrosarioantiguabetancuria
607,CEIP Cervantes,https://www3.gobiernodecanarias.org/medusa/mediateca/ceipcervantes
608,CEIP Las Salinas,https://www3.gobiernodecanarias.org/medusa/mediateca/ceiplassalinas
609,CEIP LAS MANTECAS,https://www3.gobiernodecanarias.org/medusa/mediateca/ceiplasmantecas
610,CEIP Almacigo,https://www3.gobiernodecanarias.org/medusa/mediateca/ceipalmacigo
611,MEDIATECA CEIP JUAN GRANDE,https://www3.gobiernodecanarias.org/medusa/mediateca/ceipjuangrande
612,Ceip Santa Maria del Mar,https://www3.gobiernodecanarias.org/medusa/mediateca/ceipsantamariadelmar
613,Adan del Castillo,https://www3.gobiernodecanarias.org/medusa/mediateca/ceipadandelcastillo
614,La voz del Verde,https://www3.gobiernodecanarias.org/medusa/mediateca/iesmenceybencomo
615,IES POETA TOMAS MORALES CASTELLANO,https://www3.gobiernodecanarias.org/medusa/mediateca/iespoetatomasmoralescastellano
616,CEIP Aurelio Emilio Acosta Fernandez,https://www3.gobiernodecanarias.org/medusa/mediateca/ceipaurelioemilioacostafernandez
617,ceipsietepalmas,https://www3.gobiernodecanarias.org/medusa/mediateca/ceipsietepalmas
618,ANGELES BERMEJO,https://www3.gobiernodecanarias.org/medusa/mediateca/ceipangelesbermejo
619,CEO Manuel de Falla,https://www3.gobiernodecanarias.org/medusa/mediateca/ceomanueldefalla
620,Agustin Espinosa mediateca,https://www3.gobiernodecanarias.org/medusa/mediateca/ceipagustinespinosa
621,CEIP AGUERE,https://www3.gobiernodecanarias.org/medusa/mediateca/ceipaguere
622,Mediateca CEIP Mayantigo,https://www3.gobiernodecanarias.org/medusa/mediateca/ceipmayantigo
623,FOTOS CEIP PARQUE NATURAL CORRALEJO,https://www3.gobiernodecanarias.org/medusa/mediateca/ceipparquenaturalcorralejo
624,IES Rafael Arozarena,https://www3.gobiernodecanarias.org/medusa/mediateca/iesrafaelarozarena
625,Ceip La Cerruda,https://www3.gobiernodecanarias.org/medusa/mediateca/ceiplacerruda
626,CEIP San Agustin,https://www3.gobiernodecanarias.org/medusa/mediateca/ceipsanagustin
627,CEIP Llanito Perera,https://www3.gobiernodecanarias.org/medusa/mediateca/ceipllanitoperera
628,CEIP Perseidas,https://www3.gobiernodecanarias.org/medusa/mediateca/ceipperseidas
629,CEIP Ansite,https://www3.gobiernodecanarias.org/medusa/mediateca/ceipansite
630,CEIP La Pasada,https://www3.gobiernodecanarias.org/medusa/mediateca/ceiplapasada
631,MEDIATECA IES SANTA BRGIDA,https://www3.gobiernodecanarias.org/medusa/mediateca/iessantabrigida
632,CEIP TIJOCO BAJO,https://www3.gobiernodecanarias.org/medusa/mediateca/ceiptijocobajo
633,CEIP Inocencio Sosa Hdez.,https://www3.gobiernodecanarias.org/medusa/mediateca/ceipinocenciososahernandez
634,BUENPASO,https://www3.gobiernodecanarias.org/medusa/mediateca/ceipbuenpasoi
635,Galicia Channel,https://www3.gobiernodecanarias.org/medusa/mediateca/ceipgalicia
636,CEIP SANTO DOMINGO LA VICTORIA DE ACENTEJO,https://www3.gobiernodecanarias.org/medusa/mediateca/ceipsantodomingo
637,CEIP LEONCIO ESTEVEZ LUIS,https://www3.gobiernodecanarias.org/medusa/mediateca/ceipleoncioestevezluis
638,IESAgaetePepeDamaso,https://www3.gobiernodecanarias.org/medusa/mediateca/iesagaetepepedamaso
639,CEIP Alcalde Rafael Cedres,https://www3.gobiernodecanarias.org/medusa/mediateca/ceipalcalderafaelcedres
640,CEIP ARCO IRIS,https://www3.gobiernodecanarias.org/medusa/mediateca/ceiparcoiris
641,CEIP Benahoare,https://www3.gobiernodecanarias.org/medusa/mediateca/ceipbenahoare
642,CEIP LA LAGUNA,https://www3.gobiernodecanarias.org/medusa/mediateca/ceiplalaguna
643,CEIP PUNTA DEL HIDALGO,https://www3.gobiernodecanarias.org/medusa/mediateca/ceippuntadelhidalgo
644,CEO TIJARAFE,https://www3.gobiernodecanarias.org/medusa/mediateca/ceotijarafe
645,CEIP San Vicente - Velhoco,https://www3.gobiernodecanarias.org/medusa/mediateca/ceipsanvicente
646,CEIP Cabo Blanco,https://www3.gobiernodecanarias.org/medusa/mediateca/ceipcaboblanco
647,CEIP LA GALGA,https://www3.gobiernodecanarias.org/medusa/mediateca/ceiplagalga
648,CEIP Santo Domingo La Palma,https://www3.gobiernodecanarias.org/medusa/mediateca/ceipsantodomingolp
649,CEIP Sagrado Corazon de Jesus,https://www3.gobiernodecanarias.org/medusa/mediateca/ceipsagradocorazondejesus
650,mediatecalos campitos,https://www3.gobiernodecanarias.org/medusa/mediateca/ceiploscampitos
651,IES JOSE ARENCIBIA GIL,https://www3.gobiernodecanarias.org/medusa/mediateca/iesjosearencibiagil
652,MEDIATECA OSCAR DOMINGUEZ,https://www3.gobiernodecanarias.org/medusa/mediateca/iestacoronteoscardominguez
653,Ceip Ciudad del Campo,https://www3.gobiernodecanarias.org/medusa/mediateca/ceipciudaddelcampo
654,CEPA San Bartolome ,https://www3.gobiernodecanarias.org/medusa/mediateca/cepasanbartolomedetirajana
655,CEIP GRAN CANARIA,https://www3.gobiernodecanarias.org/medusa/mediateca/ceipgrancanaria
656,CEIP CHIGUERGUE,https://www3.gobiernodecanarias.org/medusa/mediateca/ceipchiguergue
657,CEIP Maximiliano Gil,https://www3.gobiernodecanarias.org/medusa/mediateca/ceipmaximilianogilmelian
658,CEIP NAZARET,https://www3.gobiernodecanarias.org/medusa/mediateca/ceipnazaret
659,CEIP BAJOS Y TAGORO,https://www3.gobiernodecanarias.org/medusa/mediateca/ceipbajosytagoro
660,Las Caletas,https://www3.gobiernodecanarias.org/medusa/mediateca/ceipceciliagonzalezalayon
661,CER FUENCALIENTE MAZO,https://www3.gobiernodecanarias.org/medusa/mediateca/cerfuencalientemazo
662,CEIP Luis Alvarez Cruz,https://www3.gobiernodecanarias.org/medusa/mediateca/ceipluisalvarezcruz
663,BUENAVISTA,https://www3.gobiernodecanarias.org/medusa/mediateca/ceipbuenavista1
664,CERLANZAROTE,https://www3.gobiernodecanarias.org/medusa/mediateca/cerlanzarote
665,CEIP MATIAS LLABRES VERD,https://www3.gobiernodecanarias.org/medusa/mediateca/ceipmatiasllabresverd
666,MEDIATECA CEO TEJEDA,https://www3.gobiernodecanarias.org/medusa/mediateca/ceotejeda
667,eoiguia,https://www3.gobiernodecanarias.org/medusa/mediateca/eoisantamariadeguia
668,CIFP Virgen de Las Nieves,https://www3.gobiernodecanarias.org/medusa/mediateca/cifpvirgendelasnieves
669,CEIP LA LUZ,https://www3.gobiernodecanarias.org/medusa/mediateca/ceiplaluz
670,MEDIATEKA VSK,https://www3.gobiernodecanarias.org/medusa/mediateca/iesvalsequillo
671,San Juan Perales,https://www3.gobiernodecanarias.org/medusa/mediateca/ceipsanjuanperales
672,Mediateca - IES El Calero,https://www3.gobiernodecanarias.org/medusa/mediateca/ieselcalero
673,CEIP SAULO TORON,https://www3.gobiernodecanarias.org/medusa/mediateca/ceipsaulotoron
674,CEIP AGACHE - ESCOBONAL,https://www3.gobiernodecanarias.org/medusa/mediateca/ceipagache
675,La Mediateca del Agustin de Betancourt,https://www3.gobiernodecanarias.org/medusa/mediateca/iesagustindebetancourt
676,CEIP LAS REHOYAS,https://www3.gobiernodecanarias.org/medusa/mediateca/ceiplasrehoyas
677,CEIP GESTA 25 DE JULIO,https://www3.gobiernodecanarias.org/medusa/mediateca/ceipgesta25dejulio
678,CEIP Melchor N. T.,https://www3.gobiernodecanarias.org/medusa/mediateca/ceipmelchornuneztejera
679,CEIP Jedey,https://www3.gobiernodecanarias.org/medusa/mediateca/ceipjedey
680,IES EL PASO,https://www3.gobiernodecanarias.org/medusa/mediateca/ieselpaso
681,CEIP TODOQUE,https://www3.gobiernodecanarias.org/medusa/mediateca/ceiptodoque
682,CEIP Jose Luis Albendea y Gomez de Aranda,https://www3.gobiernodecanarias.org/medusa/mediateca/ceipjoseluisalbendeaygomezdearanda
683,EnREDando el instituto,https://www3.gobiernodecanarias.org/medusa/mediateca/iessanbartolome
684,MediatecaCIFPCesarManrique,https://www3.gobiernodecanarias.org/medusa/mediateca/cifpcesarmanrique
685,CEIP LAS DELICIAS,https://www3.gobiernodecanarias.org/medusa/mediateca/ceiplasdelicias
686,CEIP. LA MANCHA,https://www3.gobiernodecanarias.org/medusa/mediateca/ceiplamancha
687,CEO Santiago La Gomera,https://www3.gobiernodecanarias.org/medusa/mediateca/ceosantiagoapostol
688,MEDIATECA IES La Guancha-JMB,https://www3.gobiernodecanarias.org/medusa/mediateca/ieslaguancha
689,IES Serafin Pardo,https://www3.gobiernodecanarias.org/medusa/mediateca/iesserafinpardo
690,Mediateca IES Daute Los Silos,https://www3.gobiernodecanarias.org/medusa/mediateca/iesdautelossilos
691,CEPA ISORA-TENERIFE SUR,https://www3.gobiernodecanarias.org/medusa/mediateca/cepaisoratenerifesur
692,CEL de Canarias,https://www3.gobiernodecanarias.org/medusa/mediateca/celcanarias
693,CEIP LAS LEDAS,https://www3.gobiernodecanarias.org/medusa/mediateca/ceiplasledas
694,IES SAN SEBASTIAN DE LA GOMERA,https://www3.gobiernodecanarias.org/medusa/mediateca/iessansebastiandelagomera
695,CEIP LOS CASERONES MEDIATECA,https://www3.gobiernodecanarias.org/medusa/mediateca/ceiploscaserones
696,CEIPMaestroFelixSantana,https://www3.gobiernodecanarias.org/medusa/mediateca/ceipmaestrofelixsantana
697,CER GUIA DE ISORA,https://www3.gobiernodecanarias.org/medusa/mediateca/cerguiadeisora
698,CEIP AGUATONA,https://www3.gobiernodecanarias.org/medusa/mediateca/ceipaguatona
699,Mediateca CEIP Perez de Valero,https://www3.gobiernodecanarias.org/medusa/mediateca/ceipperezdevalero
700,EEI Cueva del Viento,https://www3.gobiernodecanarias.org/medusa/mediateca/eeicuevadelviento
701,IES MANUEL MARTIN GONZALEZ,https://www3.gobiernodecanarias.org/medusa/mediateca/iesmanuelmartingonzalez
702,SALVADOR MANRIQUE DE LARA,https://www3.gobiernodecanarias.org/medusa/mediateca/ceipsalvadormanriquedelara
703,CEIP Cataluña,https://www3.gobiernodecanarias.org/medusa/mediateca/ceipcataluna
704,Mediateca_IES Viera y Clavijo,https://www3.gobiernodecanarias.org/medusa/mediateca/iesvierayclavijo
705,CEIP Antonio Padron,https://www3.gobiernodecanarias.org/medusa/mediateca/ceipantoniopadron
706,CEIP Adoracion Rodriguez Alonso,https://www3.gobiernodecanarias.org/medusa/mediateca/ceipadoracionrodriguezalonso
707,IES ALONSO PEREZ DIAZ,https://www3.gobiernodecanarias.org/medusa/mediateca/iesalonsoperezdiaz
708,CEIP TITERROY,https://www3.gobiernodecanarias.org/medusa/mediateca/ceiptiterroy
709,CEIP LAS INDIAS - FUENCALIENTE,https://www3.gobiernodecanarias.org/medusa/mediateca/ceiplasindias
710,CSMC,https://www3.gobiernodecanarias.org/medusa/mediateca/csmcanariassedetenerife
711,CER GALDAR-GUIA--AGAETE,https://www3.gobiernodecanarias.org/medusa/mediateca/cergaldarguia
712,CEPA Telde- La Herradura,https://www3.gobiernodecanarias.org/medusa/mediateca/cepateldelaherradura
713,IES El Mayorazgo,https://www3.gobiernodecanarias.org/medusa/mediateca/ieselmayorazgo
714,CEIP Julio Delgado Delgado,https://www3.gobiernodecanarias.org/medusa/mediateca/ceipjuliodelgadodelgado
715,CEIP San Isidro Galdar,https://www3.gobiernodecanarias.org/medusa/mediateca/ceipsanisidrogaldar
716,CEO JUAN XXIII,https://www3.gobiernodecanarias.org/medusa/mediateca/ceojuanxxiii
717,RESIDENCIA ESCOLAR JARRA CANARIA,https://www3.gobiernodecanarias.org/medusa/mediateca/rejarracanaria
718,Alcaravan,https://www3.gobiernodecanarias.org/medusa/mediateca/ceipalcaravaneras
719,Millares Sall,https://www3.gobiernodecanarias.org/medusa/mediateca/iesagustinmillaressall
720,MEDIATECA CER TELDE-VALSEQUILLO,https://www3.gobiernodecanarias.org/medusa/mediateca/certelde
721,EOEP ISORA,https://www3.gobiernodecanarias.org/medusa/mediateca/eoepisora
722,CEIP LAJARES,https://www3.gobiernodecanarias.org/medusa/mediateca/ceiplajares
723,CEIP La Cuesta -38010396-,https://www3.gobiernodecanarias.org/medusa/mediateca/ceiplacuesta
724,CEE Adeje,https://www3.gobiernodecanarias.org/medusa/mediateca/ceeeadeje
725,CEIP Gran Tarajal,https://www3.gobiernodecanarias.org/medusa/mediateca/ceipgrantarajal
726,CEIP Montes de Luna,https://www3.gobiernodecanarias.org/medusa/mediateca/ceipmontesdeluna
727,CEPA LAS PALMAS CONO SUR,https://www3.gobiernodecanarias.org/medusa/mediateca/cepalaspalmasconosur
728,CEIP Aguamansa,https://www3.gobiernodecanarias.org/medusa/mediateca/ceipaguamansa
729,IES LA VEGA DE SAN JOSE,https://www3.gobiernodecanarias.org/medusa/mediateca/ieslavegadesanjose
730,Servicio de Inclusión,https://www3.gobiernodecanarias.org/medusa/mediateca/inclusion
731,MEDIATECA DEL IES CANARIAS,https://www3.gobiernodecanarias.org/medusa/mediateca/iescanarias
732,MEDIATECAlcorac,https://www3.gobiernodecanarias.org/medusa/mediateca/ceipbateriadejuan
733,CEIP Maria Milagros Acosta Garcia,https://www3.gobiernodecanarias.org/medusa/mediateca/ceipmariamilagrosacostagarcia
734,MEDIATECA CEIP AREGUME,https://www3.gobiernodecanarias.org/medusa/mediateca/ceiparegume
735,CEIP RUIZ DE PADRON,https://www3.gobiernodecanarias.org/medusa/mediateca/ceipruizdepadron
736,Mediateca EOI Los Llanos,https://www3.gobiernodecanarias.org/medusa/mediateca/eoilosllanosdearidane
737,CER Tuineje-Pajara,https://www3.gobiernodecanarias.org/medusa/mediateca/certuinejepajara
738,eoisantacruzdelapalma,https://www3.gobiernodecanarias.org/medusa/mediateca/eoisantacruzdelapalma
739,IES Nicolas Estevez Borges ,https://www3.gobiernodecanarias.org/medusa/mediateca/iesnicolasestevezborges
740,Transición Educativa del Servicio de Ordenación,https://www3.gobiernodecanarias.org/medusa/mediateca/transicioneducativa
741,csmc,https://www3.gobiernodecanarias.org/medusa/mediateca/csmcanariassedegrancanaria
742,EL VIGIA,https://www3.gobiernodecanarias.org/medusa/mediateca/ieslaisleta
743,Mediateca CEIP La Corujera,https://www3.gobiernodecanarias.org/medusa/mediateca/ceiplacorujera
744,CEPA SAN CRISTOBAL,https://www3.gobiernodecanarias.org/medusa/mediateca/cepasancristobal
745,CEIP Isora,https://www3.gobiernodecanarias.org/medusa/mediateca/ceipisora
746,CEIP San Andres TF,https://www3.gobiernodecanarias.org/medusa/mediateca/ceipsanandrestf
747,IES Las Galletas,https://www3.gobiernodecanarias.org/medusa/mediateca/ieslasgalletas
748,CEIP ALFONSO SPINOLA,https://www3.gobiernodecanarias.org/medusa/mediateca/ceipalfonsospinola
749,CEIP Puerto Cabras,https://www3.gobiernodecanarias.org/medusa/mediateca/ceippuertocabras
750,Giner,https://www3.gobiernodecanarias.org/medusa/mediateca/ceipginerdelosrios
751,RADIO IES INGENIO,https://www3.gobiernodecanarias.org/medusa/mediateca/iesingenio
752,CEO EL CARDON,https://www3.gobiernodecanarias.org/medusa/mediateca/ceoelcardon
753,CEIP ELVIRA VAQUERO,https://www3.gobiernodecanarias.org/medusa/mediateca/ceipvalsequillo
754,CEIP CHIGORA,https://www3.gobiernodecanarias.org/medusa/mediateca/ceipchigora
755,Mediateca del IES San Benito,https://www3.gobiernodecanarias.org/medusa/mediateca/iessanbenito
756,CEIP El Ciervo,https://www3.gobiernodecanarias.org/medusa/mediateca/ceipelciervo
757,CEIP CHIRCHE,https://www3.gobiernodecanarias.org/medusa/mediateca/ceipchirche
758,IES Cesar Manrique,https://www3.gobiernodecanarias.org/medusa/mediateca/iescesarmanrique
759,REE San Miguel de la Palma,https://www3.gobiernodecanarias.org/medusa/mediateca/resanmigueldelapalma
760,IES ARICO,https://www3.gobiernodecanarias.org/medusa/mediateca/iesarico
761,CER Valle de Aridane,https://www3.gobiernodecanarias.org/medusa/mediateca/cervalledearidane
762,MEDIATECA CEIP SANTO TOMAS DE AQUINO,https://www3.gobiernodecanarias.org/medusa/mediateca/ceipsantotomasdeaquino
763,MEDIATECA R. E. SAN JOSE,https://www3.gobiernodecanarias.org/medusa/mediateca/resanjose
764,CEIP Poeta Fernando Gonzalez,https://www3.gobiernodecanarias.org/medusa/mediateca/ceippoetafernandogonzalez
765,Innovación Educativa,https://www3.gobiernodecanarias.org/medusa/mediateca/innovacioneducativa
766,FSMediateca,https://www3.gobiernodecanarias.org/medusa/mediateca/ceipfranciscasantosmelian
767,MEDIATECA CEPA ACENTEJO-TACORONTE,https://www3.gobiernodecanarias.org/medusa/mediateca/cepaacentejotacoronte
768,IES ADEJE,https://www3.gobiernodecanarias.org/medusa/mediateca/iesadeje
769,Cambreteca,https://www3.gobiernodecanarias.org/medusa/mediateca/ceipnandacambres
770,Mediateca Nereida,https://www3.gobiernodecanarias.org/medusa/mediateca/ceonereidadiazabreu
771,CEO Montaña Roja,https://www3.gobiernodecanarias.org/medusa/mediateca/ceomontanaroja
772,iestinajo,https://www3.gobiernodecanarias.org/medusa/mediateca/iestinajo
773,CEIP Fernando Guanarteme,https://www3.gobiernodecanarias.org/medusa/mediateca/ceipfernandoguanartemegaldar
774,San Diego de Alcala,https://www3.gobiernodecanarias.org/medusa/mediateca/iessandiegodealcala
775,CEIP La Verdellada,https://www3.gobiernodecanarias.org/medusa/mediateca/ceiplaverdellada
776,IES LA OROTAVA-MGP MEDIATECA,https://www3.gobiernodecanarias.org/medusa/mediateca/ieslaorotavamanuelgonzalezperez
777,CEIP AGUADULCE,https://www3.gobiernodecanarias.org/medusa/mediateca/ceipaguadulce
778,MEDIATECA CEIP NARCISO BRITO,https://www3.gobiernodecanarias.org/medusa/mediateca/ceipnarcisobrito
779,CEIP JOSE TEJERA SANTANA,https://www3.gobiernodecanarias.org/medusa/mediateca/ceipjosetejerasantana
780,CEIP BARRANCO DE BALOS 2,https://www3.gobiernodecanarias.org/medusa/mediateca/www3-2
781,CEIP Balos - Domingo Socorro,https://www3.gobiernodecanarias.org/medusa/mediateca/ceipbalosdomingosocorro
783,mediatecaCIFPMajadaMarcial,https://www3.gobiernodecanarias.org/medusa/mediateca/cifpmajadamarcial
784,iestegueste,https://www3.gobiernodecanarias.org/medusa/mediateca/iestegueste
785,CEIP LA JURADA,https://www3.gobiernodecanarias.org/medusa/mediateca/ceiplajurada
786,CEIP COSTA TEGUISE,https://www3.gobiernodecanarias.org/medusa/mediateca/ceipcostateguise
787,Mediateca IES Joaquin Artiles,https://www3.gobiernodecanarias.org/medusa/mediateca/iesjoaquinartiles
788,Antena_Jablillo,https://www3.gobiernodecanarias.org/medusa/mediateca/iescostateguise
789,MEDIATECA-IESHARIA,https://www3.gobiernodecanarias.org/medusa/mediateca/iesharia
790,Área de Fomento de la Competencia Matemática,https://www3.gobiernodecanarias.org/medusa/mediateca/competenciamatematica
791,IES La Oliva,https://www3.gobiernodecanarias.org/medusa/mediateca/ieslaoliva
792,CEIP ADEJE,https://www3.gobiernodecanarias.org/medusa/mediateca/ceipadeje
793,IES Lomo de La Herradura,https://www3.gobiernodecanarias.org/medusa/mediateca/ieslomodelaherradura
794,CEIP Manuel Balbuena Pedraza,https://www3.gobiernodecanarias.org/medusa/mediateca/ceipmanuelbalbuenapedraza
795,EA Fuerteventura,https://www3.gobiernodecanarias.org/medusa/mediateca/eafuerteventura
796,IES_Anaga,https://www3.gobiernodecanarias.org/medusa/mediateca/iesanaga
797,CEIPELCHAPATALMEDIATECA,https://www3.gobiernodecanarias.org/medusa/mediateca/ceipelchapatal
798,CEIP Ravelo,https://www3.gobiernodecanarias.org/medusa/mediateca/ceipravelo
799,La voz de La lechuza,https://www3.gobiernodecanarias.org/medusa/mediateca/ceiplalechuza
800,CEIP San Luis Gonzaga,https://www3.gobiernodecanarias.org/medusa/mediateca/ceipsanluisgonzaga
801,CEIP Tindaya,https://www3.gobiernodecanarias.org/medusa/mediateca/ceiptindaya
802,Residencia escolar Hermano Pedro,https://www3.gobiernodecanarias.org/medusa/mediateca/rehermanopedro
803,Gladioteca,https://www3.gobiernodecanarias.org/medusa/mediateca/cifplosgladiolos
804,Ceip Las Lagunetas,https://www3.gobiernodecanarias.org/medusa/mediateca/ceiplaslagunetas
805,IES SANTA URSULA,https://www3.gobiernodecanarias.org/medusa/mediateca/iessantaursula
806,CER SANTA BRGIDA - SAN MATEO,https://www3.gobiernodecanarias.org/medusa/mediateca/cersantabrigidasanmateo
807,MEDIATECA CEO OMAYRA SANCHEZ,https://www3.gobiernodecanarias.org/medusa/mediateca/ceoomayrasanchez
808,Mediateca Agulo,https://www3.gobiernodecanarias.org/medusa/mediateca/ceipaureamirandagonzalez
809,CEIP UTIACA,https://www3.gobiernodecanarias.org/medusa/mediateca/ceiputiaca
810,CEIP LA SOLANA,https://www3.gobiernodecanarias.org/medusa/mediateca/ceiplasolana
811,CER La Gomera,https://www3.gobiernodecanarias.org/medusa/mediateca/cerlagomera
812,CEIP ARINEZ,https://www3.gobiernodecanarias.org/medusa/mediateca/ceiparinez
813,IES BUENAVISTA,https://www3.gobiernodecanarias.org/medusa/mediateca/iesbuenavista
814,IES GUILLERMINA BRITO,https://www3.gobiernodecanarias.org/medusa/mediateca/iesguillerminabrito
815,CEIP Teobaldo Power Las Palmas,https://www3.gobiernodecanarias.org/medusa/mediateca/ceipteobaldopowerlaspalmas
816,CEE en Icod de los Vinos,https://www3.gobiernodecanarias.org/medusa/mediateca/ceeenicoddelosvinos
817,CEIP Santo Domingo,https://www3.gobiernodecanarias.org/medusa/mediateca/ceipsantodomingocer
