numero,nombre,url,attachment_root_items,attachment_items,media_category_terms,post_date,error
2,Canal del Área de Tecnología Educativa,https://www3.gobiernodecanarias.org/medusa/mediateca/ecoescuela,5138,8152,249,2025-04-09 12:48:27,
3,Pruebas CAU_CE,https://www3.gobiernodecanarias.org/medusa/mediateca/pruebas,65,149,11,2025-03-12 11:26:06,
4,Publicaciones de la Consejería,https://www3.gobiernodecanarias.org/medusa/mediateca/publicaciones,1631,2442,345,2023-09-20 10:33:19,
5,Canal del Servicio de Perfeccionamiento del Profesorado,https://www3.gobiernodecanarias.org/medusa/mediateca/perfeccionamiento,1477,2972,155,2025-07-22 12:20:16,
6,Canal del IES Geneto,https://www3.gobiernodecanarias.org/medusa/mediateca/iesgeneto,310,357,88,2020-03-11 18:33:24,
7,Canal del Programa Infancia,https://www3.gobiernodecanarias.org/medusa/mediateca/infancia,46,117,86,2014-06-25 14:00:51,
8,Canal de Educación Ámbiental y Sostenibilidad,https://www3.gobiernodecanarias.org/medusa/mediateca/eas,138,193,92,2025-06-03 11:12:10,
9,Canal del CEP Norte de Tenerife,https://www3.gobiernodecanarias.org/medusa/mediateca/cprofesnortedetenerife,112,196,89,2025-07-09 10:37:02,
10,Canal del CEP Gran Tarajal,https://www3.gobiernodecanarias.org/medusa/mediateca/cprofesgrantarajal,3,6,87,2021-05-27 08:00:41,
11,Canal del centro ADELA,https://www3.gobiernodecanarias.org/medusa/mediateca/ceipadelasantana,3,3,86,2024-12-15 11:11:47,
12,Oficina Medusa,https://www3.gobiernodecanarias.org/medusa/mediateca/otrosoficinamedusadetenerife,1,3,86,2014-10-31 10:34:23,
13,Canal de la Red Canaria de Centros para la Participación Educativa ,https://www3.gobiernodecanarias.org/medusa/mediateca/rccpe,0,0,86,,
14,Canal de la Red Canaria de Escuelas Solidarias,https://www3.gobiernodecanarias.org/medusa/mediateca/rces,0,0,87,,
15,CEP LANZAROTE,https://www3.gobiernodecanarias.org/medusa/mediateca/cprofeslanzarote,3,6,86,2017-05-10 13:14:03,
16,CEPGCSUR,https://www3.gobiernodecanarias.org/medusa/mediateca/cprofesgrancanariasur,124,224,94,2025-06-30 08:50:36,
17,Canal de EVAGD,https://www3.gobiernodecanarias.org/medusa/mediateca/evagd,161,352,88,2025-04-22 06:43:10,
18,Canal Mediateca CEIP Ofra Vistabella,https://www3.gobiernodecanarias.org/medusa/mediateca/ceipofravistabella,3,3,87,2024-02-19 11:41:47,
19,Canal de Informat,https://www3.gobiernodecanarias.org/medusa/mediateca/informat,6,6,86,2014-12-26 22:58:04,
20,CAU_CE,https://www3.gobiernodecanarias.org/medusa/mediateca/cau_ce,6,11,86,2023-11-29 08:42:48,
21,IES. San Juan de la Rambla TV ,https://www3.gobiernodecanarias.org/medusa/mediateca/iessanjuandelarambla,1,1,86,1988-01-31 12:00:00,
22,cifp las indias,https://www3.gobiernodecanarias.org/medusa/mediateca/cifplasindias,14,31,86,2024-01-28 19:17:24,
23,CEP La Laguna,https://www3.gobiernodecanarias.org/medusa/mediateca/cprofeslalaguna,36,54,86,2021-06-29 13:34:00,
24,Congreso TIC TSP 2015,https://www3.gobiernodecanarias.org/medusa/mediateca/congresotic2015,35,92,86,2015-06-10 20:36:02,
25,CEIP Profesor Carlos Socas Muñoz,https://www3.gobiernodecanarias.org/medusa/mediateca/ceipprofesorcarlossocasmunoz,274,445,86,2025-06-01 21:47:32,
26,CEP Tenerife Sur,https://www3.gobiernodecanarias.org/medusa/mediateca/cprofestenerifesur,374,469,87,2025-06-30 10:43:50,
27,Canal para la acreditación de mediación,https://www3.gobiernodecanarias.org/medusa/mediateca/mediacion,94,185,4,2015-07-01 14:19:12,
28,CEP LAS PALMAS DE GC,https://www3.gobiernodecanarias.org/medusa/mediateca/cprofeslaspalmasdegrancanaria,93,152,87,2025-05-27 10:38:58,
29,CEIP La Paredilla,https://www3.gobiernodecanarias.org/medusa/mediateca/ceiplaparedilla,160,266,87,2025-06-24 16:55:23,
30,Canal de Familias Profesionales,https://www3.gobiernodecanarias.org/medusa/mediateca/familiasprofesionales,2,3,86,2016-03-01 14:00:42,
31,Canal de Convivencia Escolar,https://www3.gobiernodecanarias.org/medusa/mediateca/convivenciapositiva,2,4,86,2017-04-27 20:17:30,
32,Sociedad Isaac Newton,https://www3.gobiernodecanarias.org/medusa/mediateca/sinewton,44,81,86,2022-05-10 16:36:36,
33,Cep Puerto del Rosario,https://www3.gobiernodecanarias.org/medusa/mediateca/cprofespuertodelrosario,3,3,86,2024-06-05 08:26:45,
34,Canal de CEIP Casa Pastores,https://www3.gobiernodecanarias.org/medusa/mediateca/ceipcasapastores,423,484,86,2025-04-23 14:37:59,
35,CEIP Los Dragos,https://www3.gobiernodecanarias.org/medusa/mediateca/ceiplosdragos,31,31,86,2025-06-30 14:33:15,
36,IES Güimar,https://www3.gobiernodecanarias.org/medusa/mediateca/iesguimar,182,356,86,2025-06-27 08:45:37,
37,CEIP HOYA ANDREA,https://www3.gobiernodecanarias.org/medusa/mediateca/ceiphoyaandrea,345,753,86,2021-07-05 10:36:32,
38,CEIP SANTA ÚRSULA,https://www3.gobiernodecanarias.org/medusa/mediateca/ceipsantaursula,26,26,86,2025-04-27 18:44:15,
39,Canal del IES Andrés Bello,https://www3.gobiernodecanarias.org/medusa/mediateca/iesandresbello,86,87,2,2025-06-20 20:33:23,
40,Mediateca CEIP Monseñor Socorro Lantigua,https://www3.gobiernodecanarias.org/medusa/mediateca/ceipmonsenorsocorrolantigua,191,245,86,2025-06-29 21:32:50,
41,Mediateca IES El Rincón,https://www3.gobiernodecanarias.org/medusa/mediateca/ieselrincon,57,114,87,2016-06-14 20:46:06,
42,CEP Santa Cruz de Tenerife,https://www3.gobiernodecanarias.org/medusa/mediateca/cprofessantacruzdetenerife,14,14,88,2022-12-16 08:52:27,
43,Lenguas Extranjeras,https://www3.gobiernodecanarias.org/medusa/mediateca/lenguas_extranjeras,5,10,86,2018-07-25 10:52:11,
44,Canal de Formación Profesional,https://www3.gobiernodecanarias.org/medusa/mediateca/formacionprofesional,26,48,86,2020-08-24 09:56:19,
45,Canal ENLAZA,https://www3.gobiernodecanarias.org/medusa/mediateca/enlaza,1,2,86,2020-05-08 07:36:20,
46,Canal Oficina de Programas Europeos de Canarias,https://www3.gobiernodecanarias.org/medusa/mediateca/opeec,0,0,86,,
47,Canal de apoyo para las SSAA,https://www3.gobiernodecanarias.org/medusa/mediateca/uupp,3,9,86,2017-07-02 18:19:09,
48,Programa Tránsito del Servicio de Innovación Educativa,https://www3.gobiernodecanarias.org/medusa/mediateca/transito,30,52,86,2020-06-11 13:17:25,
49,Canal del IES Luis Cobiella Cuevas,https://www3.gobiernodecanarias.org/medusa/mediateca/iesluiscobiellacuevas,100,102,89,2025-06-24 11:24:02,
50,Canal IES Villa de Mazo,https://www3.gobiernodecanarias.org/medusa/mediateca/iesvillademazo,556,718,86,2025-07-25 04:09:34,
51,Canal del CEIP San Miguel,https://www3.gobiernodecanarias.org/medusa/mediateca/ceipsanmiguel,0,0,86,,
52,Canal Educación de Personas Adultas,https://www3.gobiernodecanarias.org/medusa/mediateca/epa,32,44,92,2020-05-06 10:55:33,
53,Canal del CEIP Tinguaro,https://www3.gobiernodecanarias.org/medusa/mediateca/ceiptinguaro,24,43,86,2021-03-05 12:37:14,
54,Canal del CEIP Camino Largo,https://www3.gobiernodecanarias.org/medusa/mediateca/ceipcaminolargo,22,22,86,2023-09-08 09:06:05,
55,Canal del Área de vocaciones científicas y creatividad,https://www3.gobiernodecanarias.org/medusa/mediateca/steam,376,384,86,2025-06-24 12:04:54,
56,Canal del CEIP Santidad,https://www3.gobiernodecanarias.org/medusa/mediateca/ceipsantidad,1233,1420,86,2025-07-02 12:15:14,
57,Canal del CEIP Tagoror,https://www3.gobiernodecanarias.org/medusa/mediateca/ceiptagoror,318,508,86,2025-07-12 09:41:42,
58,Canal del IES María Belén Morales Gómez,https://www3.gobiernodecanarias.org/medusa/mediateca/iesmariabelenmoralesgomez,94,162,86,2025-03-09 20:09:23,
59,"Canal del Área de Patrimonio Natural, Social y Cultural Canario",https://www3.gobiernodecanarias.org/medusa/mediateca/ensenas,754,1312,111,2025-07-18 09:11:49,
60,Canal del Área de Comunicación,https://www3.gobiernodecanarias.org/medusa/mediateca/comunicacion,114,217,86,2025-02-26 12:21:35,
61,Mediateca IES EL GALEÓN,https://www3.gobiernodecanarias.org/medusa/mediateca/iesadeje2,189,219,86,2025-06-18 19:49:21,
62,CEIP JOSÉ PÉREZ Y PÉREZ,https://www3.gobiernodecanarias.org/medusa/mediateca/ceipjoseperezyperez,493,519,86,2025-06-26 09:20:27,
63,MediatecaMagallanes,https://www3.gobiernodecanarias.org/medusa/mediateca/iesmagallanes,171,265,86,2025-02-06 12:47:43,
64,CEIP PÉREZ ZAMORA,https://www3.gobiernodecanarias.org/medusa/mediateca/ceipperezzamora,71,71,86,2025-06-09 18:29:55,
65,CEIPVEINTEDEENERO,https://www3.gobiernodecanarias.org/medusa/mediateca/ceipveintedeenero,30,45,87,2025-06-25 15:53:33,
66,Amurga,https://www3.gobiernodecanarias.org/medusa/mediateca/iesamurga,0,0,86,,
67,CEPGCNOROESTE,https://www3.gobiernodecanarias.org/medusa/mediateca/cprofesgrancanarianoroeste,393,507,92,2025-05-12 09:55:02,
68,IES GRAN CANARIA,https://www3.gobiernodecanarias.org/medusa/mediateca/iesgrancanaria,1,1,86,2023-02-20 11:55:34,
69,CEIP Fernando Guanarteme,https://www3.gobiernodecanarias.org/medusa/mediateca/ceipfernandoguanarteme,93,128,86,2024-06-10 21:18:45,
70,IES El Sobradillo,https://www3.gobiernodecanarias.org/medusa/mediateca/ieselsobradillo,60,95,86,2022-11-11 11:48:01,
71,IES Santiago Santana Díaz,https://www3.gobiernodecanarias.org/medusa/mediateca/iessantiagosantanadiaz,56,64,86,2024-05-21 07:48:31,
72,canal del Barranco,https://www3.gobiernodecanarias.org/medusa/mediateca/ceipbarrancodelastorres,52,68,86,2025-05-19 16:01:44,
73,Ceip Los Quintana ,https://www3.gobiernodecanarias.org/medusa/mediateca/ceiplosquintana,166,166,86,2025-06-22 08:33:13,
74,CEIP PEPE MONAGAS,https://www3.gobiernodecanarias.org/medusa/mediateca/ceippepemonagas,72,101,86,2021-01-04 21:45:47,
75,CEIP Príncipe Felipe,https://www3.gobiernodecanarias.org/medusa/mediateca/ceipprincipefelipe,548,809,86,2025-07-01 08:04:28,
76,CEIP Orobal,https://www3.gobiernodecanarias.org/medusa/mediateca/ceiporobal,1,1,0,2025-05-09 12:40:25,
77,CEIP ALISIOS,https://www3.gobiernodecanarias.org/medusa/mediateca/ceipalisios,52,52,86,2025-06-23 08:37:39,
78,MEDIATECA CEIP EL CANARIO,https://www3.gobiernodecanarias.org/medusa/mediateca/ceipelcanario,524,618,86,2025-07-02 15:40:41,
79,CEIP MIRAFLOR,https://www3.gobiernodecanarias.org/medusa/mediateca/ceipmiraflor,24,31,86,2023-05-17 09:12:02,
80,MEDIATECA_IESTEROR,https://www3.gobiernodecanarias.org/medusa/mediateca/iesteror,243,279,86,2025-06-24 10:23:48,
81,CeipPoetaTomásMoralesCarrizal,https://www3.gobiernodecanarias.org/medusa/mediateca/ceippoetatomasmorales,201,218,87,2025-04-29 16:31:45,
82,CEAD S/C TENERIFE MERCEDES PINTO,https://www3.gobiernodecanarias.org/medusa/mediateca/ceadsantacruzdetenerifemercedespinto,42,57,88,2025-06-29 21:18:07,
83,E-Mocán,https://www3.gobiernodecanarias.org/medusa/mediateca/iesarguineguin,60,60,86,2025-07-04 15:09:11,
84,MediatecaJoséMelián,https://www3.gobiernodecanarias.org/medusa/mediateca/eeijosemelianrodriguez,19,24,86,2024-11-11 16:10:32,
85,CEIP HUERTAS DEL PALMAR,https://www3.gobiernodecanarias.org/medusa/mediateca/ceiphuertasdelpalmar,86,96,86,2025-03-28 10:29:03,
86,CEIP AYATIMAS,https://www3.gobiernodecanarias.org/medusa/mediateca/ceipayatimas,61,89,86,2025-06-08 09:49:05,
87,CEIP San Isidro,https://www3.gobiernodecanarias.org/medusa/mediateca/ceipsanisidro,40,40,86,2025-06-30 09:00:43,
88,CEPA La Guancha,https://www3.gobiernodecanarias.org/medusa/mediateca/cepalaguancha,8,17,86,2019-05-21 15:35:40,
89,MEDIATECA CEIP EL DRAGUILLO,https://www3.gobiernodecanarias.org/medusa/mediateca/ceipeldraguillo,203,263,86,2025-06-07 22:17:14,
90,Escuelas Oficiales de Idiomas de Canarias,https://www3.gobiernodecanarias.org/medusa/mediateca/aeoiadistanciadecanarias,0,0,86,,
91,Mediateca CEIP Aneja,https://www3.gobiernodecanarias.org/medusa/mediateca/ceippracticasaneja,233,274,86,2025-07-08 12:58:30,
92,Mediateca del CEIP en ARUCAS,https://www3.gobiernodecanarias.org/medusa/mediateca/ceipenarucas,44,61,86,2024-11-10 18:30:45,
93,CEIP Camino de la Villa,https://www3.gobiernodecanarias.org/medusa/mediateca/ceipcaminodelavilla,96,117,87,2025-05-02 08:29:08,
94,Canal de PROIDEAC,https://www3.gobiernodecanarias.org/medusa/mediateca/proideac,25,50,87,2021-09-23 13:02:21,
95,CEIP Luis Cortí,https://www3.gobiernodecanarias.org/medusa/mediateca/ceipluiscorti,132,156,86,2025-06-12 10:35:41,
96,MediatecaJulianZafra,https://www3.gobiernodecanarias.org/medusa/mediateca/ceipjulianzaframoreno,356,386,86,2025-06-20 11:32:38,
97,MEDIATECA CEIP MARÍA MUÑOZ MAYOR,https://www3.gobiernodecanarias.org/medusa/mediateca/ceipmariamunozmayor,122,122,90,2025-06-30 10:58:07,
98,CEIP JUAN ARENCIBIA SOSA ,https://www3.gobiernodecanarias.org/medusa/mediateca/ceipjuanarencibiasosa,4208,4395,90,2025-06-20 09:32:42,
99,Mediateca CEO Tunte,https://www3.gobiernodecanarias.org/medusa/mediateca/ceotunte,212,274,87,2023-10-11 10:35:29,
100,IES_Tablero_I,https://www3.gobiernodecanarias.org/medusa/mediateca/iestableroiaguanac,97,106,86,2025-07-11 16:56:11,
101,MEDIATECA CEIP TAGOJA,https://www3.gobiernodecanarias.org/medusa/mediateca/ceiptagoja,15,15,86,2025-06-19 13:18:23,
102,mediateca miranda,https://www3.gobiernodecanarias.org/medusa/mediateca/ceipmiranda,49,49,86,2024-07-02 11:19:03,
103,CEIP Las Retamas,https://www3.gobiernodecanarias.org/medusa/mediateca/ceiplasretamas,36,36,86,2025-05-04 10:47:58,
104,CEIP CHANO SÁNCHEZ,https://www3.gobiernodecanarias.org/medusa/mediateca/ceipchanosanchez,164,164,86,2025-06-10 13:37:14,
105,LAS LAJAS FM,https://www3.gobiernodecanarias.org/medusa/mediateca/iesbarrancodelaslajas,32,32,86,2024-11-05 13:18:46,
106,Canal CEO Rey Juan Carlos I,https://www3.gobiernodecanarias.org/medusa/mediateca/ceoreyjuancarlosi,137,142,86,2025-06-30 11:03:58,
107,IES GUIA,https://www3.gobiernodecanarias.org/medusa/mediateca/iesguia,108,121,86,2025-04-24 21:11:39,
108,IES TAMOGANTE,https://www3.gobiernodecanarias.org/medusa/mediateca/iestamogante,114,114,90,2024-06-26 20:18:51,
109,CEIP LA VIÑUELA: NUESTRAS COSITAS,https://www3.gobiernodecanarias.org/medusa/mediateca/ceiplavinuela,0,0,86,,
110,MediatecaeZerpa,https://www3.gobiernodecanarias.org/medusa/mediateca/iesjosezerpa,78,81,10,2025-06-05 15:17:40,
111,CEIPARB,https://www3.gobiernodecanarias.org/medusa/mediateca/ceipalcalderamirezbethencourt,34,55,88,2023-07-07 09:02:08,
112,CEIP La Cardonera fotos,https://www3.gobiernodecanarias.org/medusa/mediateca/ceiplacardonera,453,457,119,2025-06-19 08:27:28,
113,Mediateca IES Josefina de la Torre,https://www3.gobiernodecanarias.org/medusa/mediateca/iesjosefinadelatorre,0,0,0,,file_not_found:Local XML file not found for 'https://www3.gobiernodecanarias.org/medusa/mediateca/iesjosefinadelatorre' in 'exports'
114,IES LA ALDEA,https://www3.gobiernodecanarias.org/medusa/mediateca/ieslaaldeadesannicolas,412,646,86,2025-07-01 08:29:18,
115,CeipLasVegas,https://www3.gobiernodecanarias.org/medusa/mediateca/ceiplasvegas,13,16,86,2024-10-27 18:47:53,
116,Mediateca CEIP La Zafra,https://www3.gobiernodecanarias.org/medusa/mediateca/ceiplazafra,7,12,86,2021-05-22 17:21:16,
117,Mediateca CEE MARENTE,https://www3.gobiernodecanarias.org/medusa/mediateca/ceeemarente,2,4,86,2020-05-04 10:13:51,
118,Radio Pulido,https://www3.gobiernodecanarias.org/medusa/mediateca/iesjosemariaperezpulido,186,197,86,2025-06-23 11:44:06,
119,CEIP Piedra Molino,https://www3.gobiernodecanarias.org/medusa/mediateca/ceippiedrademolino,7,7,86,2025-06-26 11:26:13,
120,CEIP Saucillo,https://www3.gobiernodecanarias.org/medusa/mediateca/ceipsaucillo,40,43,86,2024-06-25 18:31:01,
121,CEP Telde,https://www3.gobiernodecanarias.org/medusa/mediateca/cprofestelde,90,138,90,2025-02-25 19:11:43,
122,Mediateca CEPA Puerto de la Cruz,https://www3.gobiernodecanarias.org/medusa/mediateca/cepapuertodelacruz,16,21,86,2025-07-07 09:49:59,
123,Canal del CEIP Carreteria,https://www3.gobiernodecanarias.org/medusa/mediateca/ceipcarreteria,164,196,86,2025-05-17 09:50:58,
124,ESCUELA DE ARTE MANOLO BLAHNIK,https://www3.gobiernodecanarias.org/medusa/mediateca/eamanoloblahnik,8,8,86,2025-03-05 14:02:43,
125,CEIP ISAAC DE VEGA,https://www3.gobiernodecanarias.org/medusa/mediateca/ceipisaacdevega,62,74,12,2025-06-05 08:29:56,
126,Mediateca IES Roque Amagro,https://www3.gobiernodecanarias.org/medusa/mediateca/iesroqueamagro,213,233,86,2025-07-03 08:06:00,
127,CEIP Villa de Firgas,https://www3.gobiernodecanarias.org/medusa/mediateca/ceipvilladefirgas,117,123,86,2025-06-26 20:32:13,
128,CEIP TESEJERAGUE MEDIATECA,https://www3.gobiernodecanarias.org/medusa/mediateca/ceiptesejerague,88,88,86,2023-04-26 08:16:17,
129,Mediateca IES Arucas Domingo Rivero,https://www3.gobiernodecanarias.org/medusa/mediateca/iesarucasdomingorivero,46,58,86,2025-06-17 12:03:34,
130,CEIP TRAPICHE,https://www3.gobiernodecanarias.org/medusa/mediateca/ceipeltrapiche,86,119,86,2025-03-13 12:47:19,
131,Servicio de Actividades Complementarias y Extraescolares,https://www3.gobiernodecanarias.org/medusa/mediateca/servicioactividadescomplementarias,0,0,86,,
132,Martín Miranda Radio,https://www3.gobiernodecanarias.org/medusa/mediateca/iesprofesormartinmiranda,3566,3567,87,2025-08-21 10:08:19,
133,IES Villa de Firgas,https://www3.gobiernodecanarias.org/medusa/mediateca/iesvilladefirgas,128,234,86,2025-05-17 17:17:07,
134,MEDIATECA del CEIP DOCTOR GREGORIO CHIL,https://www3.gobiernodecanarias.org/medusa/mediateca/ceipdoctorgregoriochilynaranjo,23,24,86,2025-05-18 17:01:29,
135,Mediateca La Rosa,https://www3.gobiernodecanarias.org/medusa/mediateca/ceiplarosacaminoviejo,1872,1877,86,2025-06-30 11:48:17,
136,MEDIATECA EASD GRAN CANARIA,https://www3.gobiernodecanarias.org/medusa/mediateca/easdgrancanaria,2,4,86,2021-02-04 13:16:15,
137,Mediateca del IES Santa María de Guía,https://www3.gobiernodecanarias.org/medusa/mediateca/iessantamariadeguia,84,98,86,2025-03-17 18:41:50,
138,Radio Alpaca,https://www3.gobiernodecanarias.org/medusa/mediateca/iesvegadesanmateo,22,22,86,2025-05-23 06:30:54,
139,Mediateca IES Bañaderos,https://www3.gobiernodecanarias.org/medusa/mediateca/iesbanaderos,9,12,86,2022-05-31 22:53:33,
140,CEIP SAN JOSÉ,https://www3.gobiernodecanarias.org/medusa/mediateca/ceipsanjose,21,21,86,2024-04-20 11:03:52,
141,CEPA ARUCAS Y FIRGAS,https://www3.gobiernodecanarias.org/medusa/mediateca/cepaarucasyfirgasfernandomarreropulido,4,8,86,2021-03-04 13:16:22,
142,CEIP TÍNCER,https://www3.gobiernodecanarias.org/medusa/mediateca/ceiptincer,5,6,86,2024-10-23 11:54:01,
143,IES LUCAS MARTÍN ESPINO,https://www3.gobiernodecanarias.org/medusa/mediateca/ieslucasmartinespino,17,26,86,2025-02-01 16:21:45,
144,MEDIATECA GARCIA ESCAMEZ,https://www3.gobiernodecanarias.org/medusa/mediateca/ceipgarciaescamez,86,88,86,2025-04-25 12:21:33,
145,CEOBYM MEDIATECA,https://www3.gobiernodecanarias.org/medusa/mediateca/ceobethencourtymolina,17,18,86,2025-03-25 08:12:30,
146,Mediateca IES Los Naranjeros,https://www3.gobiernodecanarias.org/medusa/mediateca/ieslosnaranjeros,4,4,86,2022-05-25 22:39:31,
147,Ceip Santa Cruz de California,https://www3.gobiernodecanarias.org/medusa/mediateca/ceipsantacruzdecalifornia,90,93,86,2025-06-05 09:49:28,
148,IES Casas Nuevas,https://www3.gobiernodecanarias.org/medusa/mediateca/iescasasnuevas,80,80,86,2025-06-18 10:51:00,
149,Rayca,https://www3.gobiernodecanarias.org/medusa/mediateca/ceipramonycajal,218,218,86,2025-06-20 07:14:32,
150,CEIP TOMÁS DE IRIARTE,https://www3.gobiernodecanarias.org/medusa/mediateca/ceiptomasdeiriarte,10,13,86,2021-06-26 08:12:54,
151,IES ANA LUISA BENÍTEZ,https://www3.gobiernodecanarias.org/medusa/mediateca/iesanaluisabenitez,0,0,86,,
152,Mediateca del Monzón,https://www3.gobiernodecanarias.org/medusa/mediateca/iesfranciscohernandezmonzon,2,4,86,2021-03-08 12:32:16,
153,CEIP MONTAÑA ROJA,https://www3.gobiernodecanarias.org/medusa/mediateca/ceipmontanaroja,755,852,86,2025-06-18 17:12:17,
154,Colegio Pintor Manolo Millares,https://www3.gobiernodecanarias.org/medusa/mediateca/ceippintormanolomillares,8,8,86,2022-03-24 18:43:36,
155,MediatecaJCR,https://www3.gobiernodecanarias.org/medusa/mediateca/ceipjuancruzruiz,116,117,86,2025-05-18 18:55:10,
156,CEIP Mª del Carmen Fernández Melián,https://www3.gobiernodecanarias.org/medusa/mediateca/ceipmariadelcarmenfernandezmelian,180,181,86,2025-06-30 11:23:11,
157,Canal de Igualdad y Educación Afectivo Sexual,https://www3.gobiernodecanarias.org/medusa/mediateca/igualdad,43,48,87,2024-03-21 08:26:46,
158,CEIP ADOLFO TOPHAM,https://www3.gobiernodecanarias.org/medusa/mediateca/ceipadolfotopham,4,4,86,2025-04-02 15:21:36,
159,IES CANDIDO MARANTE EXPÓSITO,https://www3.gobiernodecanarias.org/medusa/mediateca/iescandidomaranteexposito,26,28,86,2024-04-10 18:40:34,
160,Mediateca del IES Cairasco de Figueroa,https://www3.gobiernodecanarias.org/medusa/mediateca/iescairascodefigueroa,65,65,27,2025-06-29 18:59:41,
161,IES EUSEBIO BARRETO LORENZO,https://www3.gobiernodecanarias.org/medusa/mediateca/ieseusebiobarretolorenzo,0,0,86,,
162,CEIP BILINGÜE FERNANDO LEÓN Y CASTILLO,https://www3.gobiernodecanarias.org/medusa/mediateca/ceipfernandoleonycastillo,19,19,86,2025-06-18 11:20:03,
163,CEIP IBERIA,https://www3.gobiernodecanarias.org/medusa/mediateca/ceipiberia,50,58,87,2025-06-02 09:13:57,
164,El Jable,https://www3.gobiernodecanarias.org/medusa/mediateca/ceipcostacalma,1,1,86,2022-03-02 11:57:16,
165,CEIP Manolo Ortega,https://www3.gobiernodecanarias.org/medusa/mediateca/ceipmanoloortega,10,11,86,2025-06-10 11:18:27,
166,MEDIATECA CEO MOGÁN,https://www3.gobiernodecanarias.org/medusa/mediateca/ceomogan,278,279,87,2025-06-05 19:19:01,
167,IES GRAN TARAJAL,https://www3.gobiernodecanarias.org/medusa/mediateca/iesgrantarajal,7,8,86,2022-01-17 11:53:25,
168,Ceip Cristóbal García Blairzy,https://www3.gobiernodecanarias.org/medusa/mediateca/ceipcristobalgarciablairzy,6,9,86,2025-06-26 12:30:21,
169,CEIP ALCALDE DIEGO TRUJILLO RODRÍGUEZ,https://www3.gobiernodecanarias.org/medusa/mediateca/ceipalcaldediegotrujillorodriguez,23,23,86,2025-06-04 11:13:18,
170,CER Moya,https://www3.gobiernodecanarias.org/medusa/mediateca/cermoya,6,7,86,2023-05-03 13:17:46,
171,ceipleonycastillo,https://www3.gobiernodecanarias.org/medusa/mediateca/ceipleonycastillo,68,68,86,2024-10-24 21:35:47,
172,CEIP VÍCTOR RODRÍGUEZ JIMÉNEZ,https://www3.gobiernodecanarias.org/medusa/mediateca/ceipvictorrodriguezjimenez,31,31,86,2022-06-20 12:20:38,
173,Radio Educat-Higa,https://www3.gobiernodecanarias.org/medusa/mediateca/ceipsantateresadejesus,103,105,86,2025-06-24 11:41:24,
174,MEDIATECA C.PROFES.LAPALMA,https://www3.gobiernodecanarias.org/medusa/mediateca/cprofeslapalma,21,31,86,2025-06-05 08:59:47,
175,IES SANTA LUCÍA,https://www3.gobiernodecanarias.org/medusa/mediateca/iessantalucia,73,73,87,2025-06-21 12:50:38,
176,IES Puerto Cabras Rafael Báez,https://www3.gobiernodecanarias.org/medusa/mediateca/iesenpuertodelrosario,270,270,87,2023-03-23 20:04:26,
177,CEO Barlovento,https://www3.gobiernodecanarias.org/medusa/mediateca/ceobarlovento,57,57,86,2025-04-22 18:34:14,
178,Mediateca CEO La Pared,https://www3.gobiernodecanarias.org/medusa/mediateca/ceolapared,37,37,86,2025-07-04 11:55:02,
179,ceipmarpequeña,https://www3.gobiernodecanarias.org/medusa/mediateca/ceipmarpequena,101,102,86,2025-06-23 08:50:06,
180,CEIP Rafael Gaviño ,https://www3.gobiernodecanarias.org/medusa/mediateca/ceiprafaelgavinodelbosque,0,0,86,,
181,IES El Doctoral ,https://www3.gobiernodecanarias.org/medusa/mediateca/ieseldoctoral,313,435,86,2025-06-22 17:56:47,
182,Mediateca IES Jinámar,https://www3.gobiernodecanarias.org/medusa/mediateca/iesjinamar,227,234,86,2025-06-23 11:59:33,
183,IES EL BATÁN,https://www3.gobiernodecanarias.org/medusa/mediateca/ieselbatan,0,0,86,,
184,CEP La Gomera,https://www3.gobiernodecanarias.org/medusa/mediateca/cprofeslagomera,33,44,86,2025-07-31 10:12:13,
185,CEIP La Lajita,https://www3.gobiernodecanarias.org/medusa/mediateca/ceiplalajita,326,326,86,2025-06-26 11:04:14,
186,CEIP TARAJALEJO,https://www3.gobiernodecanarias.org/medusa/mediateca/ceiptarajalejo,79,80,86,2025-04-10 10:17:05,
187,MEDIATECA del CEPA Farola de Santa Cruz,https://www3.gobiernodecanarias.org/medusa/mediateca/cepafaroladesantacruz,123,125,90,2025-05-07 09:29:07,
188,CEIP LOPE DE GUERRA,https://www3.gobiernodecanarias.org/medusa/mediateca/ceiplopedeguerra,36,36,87,2025-06-13 09:17:00,
189,Mediateca IES Doramas,https://www3.gobiernodecanarias.org/medusa/mediateca/iesdoramas,14,14,87,2025-02-14 13:36:08,
190,CEIP Taibique,https://www3.gobiernodecanarias.org/medusa/mediateca/ceiptaibique,59,59,86,2024-11-19 13:33:19,
191,Canal CEIP Las Dunas,https://www3.gobiernodecanarias.org/medusa/mediateca/ceiplasdunas,168,168,86,2025-06-23 09:23:05,
192,CEIP. SAMOGA,https://www3.gobiernodecanarias.org/medusa/mediateca/ceipsamoga,129,152,86,2025-06-10 11:29:02,
193,CEIP Agustín Hernández Díaz,https://www3.gobiernodecanarias.org/medusa/mediateca/ceipagustinhernandezdiaz,195,195,86,2024-05-13 09:20:25,
194,IES AGUSTÍN ESPINOSA -LANZAROTE,https://www3.gobiernodecanarias.org/medusa/mediateca/iesagustinespinosa,9,9,86,2022-06-09 14:41:25,
195,GuajaraTube,https://www3.gobiernodecanarias.org/medusa/mediateca/ceoguajara,12,16,86,2025-03-27 13:19:06,
196,CEIP ERNESTO CASTRO FARIÑAS,https://www3.gobiernodecanarias.org/medusa/mediateca/ceipernestocastrofarina,65,65,86,2025-07-01 07:14:39,
197,CEIP GUIGUAN,https://www3.gobiernodecanarias.org/medusa/mediateca/ceipguiguan,14,14,87,2024-12-16 12:05:56,
198,Europa-Néstor,https://www3.gobiernodecanarias.org/medusa/mediateca/ceipeuropanestoralamo,729,729,87,2024-06-16 13:18:50,
199,ALMACÉN DIGITAL,https://www3.gobiernodecanarias.org/medusa/mediateca/ieslasveredillas,0,0,86,,
200,IES Tomás de Iriarte,https://www3.gobiernodecanarias.org/medusa/mediateca/iestomasdeiriarte,6,8,87,2025-02-16 08:41:23,
201,Repositorio,https://www3.gobiernodecanarias.org/medusa/mediateca/easdfernandoestevez,3,3,4,2022-02-21 21:50:47,
202,APRENDIENDO A PENSAR - EGA,https://www3.gobiernodecanarias.org/medusa/mediateca/ceipemeteriogutierrezalbeloaguagarcia,198,351,86,2025-06-25 10:28:23,
203,CEIP ROQUE AGUAYRO,https://www3.gobiernodecanarias.org/medusa/mediateca/ceiproqueaguayro,26,26,86,2025-04-28 11:49:03,
204,Mediateca del IES SAN MATÍAS,https://www3.gobiernodecanarias.org/medusa/mediateca/iessanmatias,655,655,86,2025-07-04 12:26:20,
205,VídeoClub El Tablero,https://www3.gobiernodecanarias.org/medusa/mediateca/ceipeltablero,275,275,86,2025-06-20 07:47:23,
206,Blog Chimisay,https://www3.gobiernodecanarias.org/medusa/mediateca/ceipchimisay,179,179,86,2025-06-06 07:34:15,
207,CEIP SAN FERNANDO DE MASPALOMAS,https://www3.gobiernodecanarias.org/medusa/mediateca/ceipsanfernandodemaspalomas,51,85,86,2025-06-16 13:24:40,
208,CEIP MARIA SUÁREZ FIOL,https://www3.gobiernodecanarias.org/medusa/mediateca/ceipmariasuarezfiol,73,73,86,2025-06-21 19:57:18,
209,MediateKa,https://www3.gobiernodecanarias.org/medusa/mediateca/ceippadrecollado,19,19,86,2025-06-26 08:10:05,
210,MEDIATECA CEIP TEOFILO PÉREZ,https://www3.gobiernodecanarias.org/medusa/mediateca/ceipteofiloperez,394,405,86,2025-06-19 18:33:34,
211,CEIP DR. JUAN ESPINO SÁNCHEZ,https://www3.gobiernodecanarias.org/medusa/mediateca/ceipdoctorjuanespinosanchez,43,44,86,2024-01-20 19:42:28,
212,CEPA La Gomera,https://www3.gobiernodecanarias.org/medusa/mediateca/cepalagomera,0,0,86,,
213,IES BLAS CABRERA FELIPE,https://www3.gobiernodecanarias.org/medusa/mediateca/iesblascabrerafelipe,69,69,86,2025-06-30 11:13:37,
214,CEIP Cesar Manrique Cabrera,https://www3.gobiernodecanarias.org/medusa/mediateca/ceipcesarmanriquecabrera,672,681,90,2025-07-14 11:26:03,
215,CEIP ALONSO NAVA Y GRIMÓN,https://www3.gobiernodecanarias.org/medusa/mediateca/ceipalonsonavaygrimon,3,3,86,2025-01-20 22:09:16,
216,CEIP GUAYONGE,https://www3.gobiernodecanarias.org/medusa/mediateca/ceipguayonge,1,1,86,2023-11-22 20:33:02,
217,CEIP SAN JOSÉ ARTESANO,https://www3.gobiernodecanarias.org/medusa/mediateca/ceipsanjoseartesano,14,24,86,2025-06-20 11:17:49,
218,Vídeos de centro,https://www3.gobiernodecanarias.org/medusa/mediateca/iestonygallardo,11,11,86,2024-10-23 09:53:49,
219,MEDIATECA CEIP DOMÍNGUEZ ALFONSO,https://www3.gobiernodecanarias.org/medusa/mediateca/ceipdominguezalfonso,73,81,87,2025-08-21 16:07:30,
220,Mediateca del CEIP Bañaderos,https://www3.gobiernodecanarias.org/medusa/mediateca/ceipbanaderos,3,3,86,2024-02-26 17:43:38,
221,CAPELLANÍA,https://www3.gobiernodecanarias.org/medusa/mediateca/ceipcapellaniadelyagabo,65,65,89,2025-06-06 11:56:49,
222,Mediateca CEO Antigua,https://www3.gobiernodecanarias.org/medusa/mediateca/ceoantigua,2,2,86,2024-06-11 09:35:57,
223,CEIP La Estrella,https://www3.gobiernodecanarias.org/medusa/mediateca/ceiplaestrella,114,114,86,2025-06-19 08:59:56,
224,IES Cruz Santa,https://www3.gobiernodecanarias.org/medusa/mediateca/iescruzsanta,26,26,87,2025-06-24 12:38:11,
225,IES Benito Pérez Armas,https://www3.gobiernodecanarias.org/medusa/mediateca/iesbenitoperezarmas,11,12,87,2025-04-22 21:15:55,
226,CEO LEONCIO RODRÍGUEZ,https://www3.gobiernodecanarias.org/medusa/mediateca/ceoleonciorodriguez,12,12,86,2023-07-03 08:29:04,
227,CEIP FEDERICO GARCÍA LORCA,https://www3.gobiernodecanarias.org/medusa/mediateca/ceipfedericogarcialorca,203,203,86,2025-06-28 19:02:25,
228,CEIP LA GOLETA,https://www3.gobiernodecanarias.org/medusa/mediateca/ceiplagoleta,2,2,86,2024-01-29 18:24:22,
229,MEDIATECA,https://www3.gobiernodecanarias.org/medusa/mediateca/ceipalfonsoxelsabio,17,17,86,2025-05-26 12:34:47,
230,CEIP San José de Calasanz,https://www3.gobiernodecanarias.org/medusa/mediateca/ceipsanjosedecalasanz,11,16,88,2023-04-14 12:17:03,
231,CEIP TAJINASTE,https://www3.gobiernodecanarias.org/medusa/mediateca/ceiptajinaste,44,44,87,2025-06-07 15:47:35,
232,El Faro,https://www3.gobiernodecanarias.org/medusa/mediateca/ceipsardinadelnorte,13,13,86,2023-10-23 11:07:07,
233,Mediateca CEIP Las Torres,https://www3.gobiernodecanarias.org/medusa/mediateca/ceiplastorres,56,58,86,2025-06-23 10:05:31,
234,Ceip José Sánchez y Sánchez,https://www3.gobiernodecanarias.org/medusa/mediateca/ceipjosesanchezysanchez,0,0,86,,
235,CEO San Miguel,https://www3.gobiernodecanarias.org/medusa/mediateca/ceoensanmigueldeabona,0,0,86,,
236,ceipnievestoledo,https://www3.gobiernodecanarias.org/medusa/mediateca/ceipnievestoledo,90,90,86,2025-06-27 07:27:11,
237,CEIP PLAYA BLANCA,https://www3.gobiernodecanarias.org/medusa/mediateca/ceipplayablanca,51,54,19,2025-06-21 08:00:24,
238,PARQUE LA REINA,https://www3.gobiernodecanarias.org/medusa/mediateca/ceipparquelareina,80,80,86,2025-06-17 10:04:12,
239,CastriMedia,https://www3.gobiernodecanarias.org/medusa/mediateca/ceipmariacastrillogarcia,44,45,86,2024-10-23 08:40:25,
240,iesteobaldopower,https://www3.gobiernodecanarias.org/medusa/mediateca/iesteobaldopower,46,47,86,2025-04-08 18:54:03,
241,CEIP BILINGÜE LOS TARAHALES,https://www3.gobiernodecanarias.org/medusa/mediateca/ceiplostarahales,36,36,86,2025-04-03 17:10:15,
242,CEIP NUESTRA SEÑORA DE LA CONCEPCIÓN,https://www3.gobiernodecanarias.org/medusa/mediateca/ceipnuestrasenoradelaconcepcion,0,0,86,,
243,CEPA Gáldar,https://www3.gobiernodecanarias.org/medusa/mediateca/cepagaldar,5,5,86,2025-07-18 09:14:09,
244,Mediateca CEIP Concepción Rodríguez Artiles,https://www3.gobiernodecanarias.org/medusa/mediateca/ceipconcepcionrodriguezartiles,103,104,86,2024-06-21 14:53:28,
245,ceip uga,https://www3.gobiernodecanarias.org/medusa/mediateca/ceipuga,1,1,86,2025-06-27 10:42:56,
246,CEIP LA GARITA,https://www3.gobiernodecanarias.org/medusa/mediateca/ceiplagarita,12,21,86,2024-03-19 12:55:11,
247,EOI LAS PALMAS DE GRAN CANARIA,https://www3.gobiernodecanarias.org/medusa/mediateca/eoilaspalmasdegrancanaria,29,32,88,2025-06-02 12:05:32,
248,EOI LA LAGUNA,https://www3.gobiernodecanarias.org/medusa/mediateca/eoilalaguna,0,0,86,,
249,EL MONTE,https://www3.gobiernodecanarias.org/medusa/mediateca/ceipelmonte,0,0,86,,
250,MEDIATECA IES EL CHAPATAL,https://www3.gobiernodecanarias.org/medusa/mediateca/ieselchapatal,0,0,86,,
251,Mediateca IES Padre Anchieta,https://www3.gobiernodecanarias.org/medusa/mediateca/iespadreanchieta,0,0,86,,
252,IES Santo Tomás de Aquino,https://www3.gobiernodecanarias.org/medusa/mediateca/iessantotomasdeaquino,40,41,86,2024-06-07 10:21:00,
253,CEIP FRANCISCA PÉREZ,https://www3.gobiernodecanarias.org/medusa/mediateca/ceipfranciscaperez,101,102,86,2025-07-03 20:21:37,
254,MEDIATECA CEO ARGANA,https://www3.gobiernodecanarias.org/medusa/mediateca/ceoargana,1060,1060,98,2025-07-07 21:23:26,
255,Cooperación y Solidaridad,https://www3.gobiernodecanarias.org/medusa/mediateca/cooperacionysolidaridad,4,4,86,2023-03-15 13:25:07,
256,Guille_testing,https://www3.gobiernodecanarias.org/medusa/mediateca/otroscentrovirtualoficinamedusatfe,4,4,86,2023-04-24 10:02:08,
257,CEIP VIRGEN DE LOS VOLCANES,https://www3.gobiernodecanarias.org/medusa/mediateca/ceipvirgendelosvolcanes,4171,4171,86,2025-06-26 11:08:55,
258,Onfraile,https://www3.gobiernodecanarias.org/medusa/mediateca/ceipelfraile,128,128,86,2025-05-27 18:12:08,
259,CEIP LA HUBARA,https://www3.gobiernodecanarias.org/medusa/mediateca/ceiplahubara,34,35,86,2025-05-26 13:53:48,
260,Alonsoteca,https://www3.gobiernodecanarias.org/medusa/mediateca/iesalonsoquesada,0,0,86,,
261,Mediateca CEIP Juan García Pérez,https://www3.gobiernodecanarias.org/medusa/mediateca/ceipjuangarciaperez,10,10,86,2025-06-09 22:39:46,
262,Princesa Tejina,https://www3.gobiernodecanarias.org/medusa/mediateca/ceipprincesatejina,0,0,86,,
263,Mediatecamenceyes,https://www3.gobiernodecanarias.org/medusa/mediateca/ceiplosmenceyes,138,138,86,2025-07-04 11:09:36,
264,IES TÍAS,https://www3.gobiernodecanarias.org/medusa/mediateca/iestias,53,53,86,2025-06-24 08:47:33,
265,Ceip Buzanada,https://www3.gobiernodecanarias.org/medusa/mediateca/ceipbuzanada,3,3,86,2024-04-08 11:38:35,
266,CEIP HILDA ZUDÁN,https://www3.gobiernodecanarias.org/medusa/mediateca/ceiphildazudan,0,0,86,,
267,Miguel de Santiago,https://www3.gobiernodecanarias.org/medusa/mediateca/ceipmigueldesantiago,92,92,87,2025-06-17 21:02:46,
268,Millares TV,https://www3.gobiernodecanarias.org/medusa/mediateca/ceipagustinmillarescarlo,329,612,16,2025-06-25 11:20:56,
269,"CEO Motor Grande, Rosa Padrón Pulido",https://www3.gobiernodecanarias.org/medusa/mediateca/ceomotorgranderosapadronpulido,131,147,86,2025-06-01 21:20:14,
270,MEDIATECA PLAYA HONDA,https://www3.gobiernodecanarias.org/medusa/mediateca/ceipplayahonda,1,1,86,2022-09-30 22:47:24,
271,CEE Nuestra Señora de los Volcanes,https://www3.gobiernodecanarias.org/medusa/mediateca/ceeensdelosvolcanes,45,45,86,2025-06-18 19:03:26,
272,CEIP ARAYA,https://www3.gobiernodecanarias.org/medusa/mediateca/ceiparaya,59,59,88,2025-07-02 11:40:42,
273,CEIP ARGANA ALTA,https://www3.gobiernodecanarias.org/medusa/mediateca/ceiparganaalta,14,14,86,2023-12-19 20:08:21,
274,CEIP LA GARITA ARRIETA,https://www3.gobiernodecanarias.org/medusa/mediateca/ceiplagaritaarrieta,18,18,87,2023-11-02 10:14:05,
275,IESPUNTALARGA,https://www3.gobiernodecanarias.org/medusa/mediateca/iespuntalarga,28,30,86,2025-06-24 12:05:35,
276,CEIP Tiscamanita,https://www3.gobiernodecanarias.org/medusa/mediateca/ceiptiscamanita,29,30,86,2025-05-20 19:05:22,
277,CURSO 2022-2023,https://www3.gobiernodecanarias.org/medusa/mediateca/iesmarinacebrian,297,297,87,2025-06-21 23:43:42,
278,CEIP Ángel Guimerá,https://www3.gobiernodecanarias.org/medusa/mediateca/ceipangelguimera,224,224,86,2025-06-23 08:11:08,
279,CEIP Playa de Mogán,https://www3.gobiernodecanarias.org/medusa/mediateca/ceipplayademogan,207,210,86,2024-09-05 11:19:07,
280,MEDIATECA CEIP LA  OLIVA,https://www3.gobiernodecanarias.org/medusa/mediateca/ceiplaoliva,9,9,66,2025-05-13 17:53:41,
281,CEIP IGUESTE,https://www3.gobiernodecanarias.org/medusa/mediateca/ceipigueste,36,36,86,2025-01-08 17:02:02,
282,CEIP Benito Méndez Tarajano,https://www3.gobiernodecanarias.org/medusa/mediateca/ceipbenitomendeztarajano,65,66,86,2025-03-12 08:38:18,
283,IES SANTA ANA MEDIATECA,https://www3.gobiernodecanarias.org/medusa/mediateca/iessantaana,60,64,86,2025-06-11 08:12:17,
284,Radio Erjos,https://www3.gobiernodecanarias.org/medusa/mediateca/ceiperjos,105,106,86,2025-06-13 12:49:19,
285,Mediateca IES Cruce de Arinaga,https://www3.gobiernodecanarias.org/medusa/mediateca/iescrucedearinaga,54,55,86,2024-05-16 11:42:22,
286,Rincón Villalba,https://www3.gobiernodecanarias.org/medusa/mediateca/iesvillalbahervas,0,0,86,,
287,CEPA COMARCA,https://www3.gobiernodecanarias.org/medusa/mediateca/cepacomarcanordestedetenerife,3,3,86,2022-10-14 12:45:44,
288,CEIP LAS TEDERAS,https://www3.gobiernodecanarias.org/medusa/mediateca/ceiplastederas,34,35,86,2025-06-18 20:50:29,
289,IES Pérez Galdós,https://www3.gobiernodecanarias.org/medusa/mediateca/iesperezgaldos,104,104,86,2025-07-03 11:22:18,
290,BANCO VISUAL PRÍNCIPE DE ASTURIAS,https://www3.gobiernodecanarias.org/medusa/mediateca/ceipprincipedeasturias,154,155,86,2025-07-03 18:13:00,
291,Los Giles Radio y TV,https://www3.gobiernodecanarias.org/medusa/mediateca/ceiplosgiles,470,470,86,2025-07-31 16:27:22,
292,C.E.I.P. Los Andenes de Taco,https://www3.gobiernodecanarias.org/medusa/mediateca/ceiplosandenesdetaco,68,69,86,2025-01-25 08:03:40,
293,Mediateca Palo Blanco,https://www3.gobiernodecanarias.org/medusa/mediateca/ceippaloblanco,59,59,86,2025-06-06 23:18:03,
294,Carmen Álvarez de la Rosa,https://www3.gobiernodecanarias.org/medusa/mediateca/ceipcarmenalvarezdelarosa,79,79,86,2025-06-30 08:45:58,
295,CEIP POLICARPO BÁEZ,https://www3.gobiernodecanarias.org/medusa/mediateca/ceippolicarpobaez,26,28,86,2023-12-27 19:21:57,
296,Ceip Don Benito,https://www3.gobiernodecanarias.org/medusa/mediateca/ceipdonbenito,79,80,93,2025-05-29 11:41:40,
297,CEIP LAS MESAS,https://www3.gobiernodecanarias.org/medusa/mediateca/ceiplasmesas,16,16,86,2025-06-26 00:23:45,
298,Mediateca CEO Príncipe Felipe,https://www3.gobiernodecanarias.org/medusa/mediateca/ceoprincipefelipe,77,77,92,2025-06-24 20:37:06,
299,RADIO CABRERA PINTO,https://www3.gobiernodecanarias.org/medusa/mediateca/iescanariascabrerapinto,24,445,86,2025-06-19 17:59:43,
300,CEIP TEMISAS,https://www3.gobiernodecanarias.org/medusa/mediateca/ceiptemisas,0,0,86,,
301,Mediateca CEIP Villa Ascensión,https://www3.gobiernodecanarias.org/medusa/mediateca/ceipvillaascension,188,188,86,2025-07-09 09:05:02,
302,TIMPLIMEDIA,https://www3.gobiernodecanarias.org/medusa/mediateca/ceiptimplistajoseantonioramos,13,22,88,2024-05-23 07:58:05,
303,Orozcoteca,https://www3.gobiernodecanarias.org/medusa/mediateca/ceoandresorozco,160,172,87,2024-04-16 15:40:07,
304,CEIP Tefía,https://www3.gobiernodecanarias.org/medusa/mediateca/ceiptefia,3,3,86,2025-05-13 11:52:26,
305,IES Vigán,https://www3.gobiernodecanarias.org/medusa/mediateca/iesvigan,16,16,87,2025-06-17 08:10:12,
306,CEIP CAMINO DE LA MADERA,https://www3.gobiernodecanarias.org/medusa/mediateca/ceipcaminodelamadera,8,8,86,2025-06-14 11:51:48,
307,CEIP Plácido Fleitas,https://www3.gobiernodecanarias.org/medusa/mediateca/ceipplacidofleitas,54,54,86,2025-02-16 17:43:20,
308,CEIP TOSTÓN,https://www3.gobiernodecanarias.org/medusa/mediateca/ceiptoston,29,31,88,2025-06-04 21:26:20,
309,CEIP Valles de Ortega,https://www3.gobiernodecanarias.org/medusa/mediateca/ceipvallesdeortega,23,23,86,2025-04-23 10:40:38,
310,IESLasSalinasArrecife,https://www3.gobiernodecanarias.org/medusa/mediateca/ieslassalinas,37,37,87,2025-05-27 07:11:07,
311,¡¡Los Llanos en ACCIÓN!!,https://www3.gobiernodecanarias.org/medusa/mediateca/ceiplosllanos,4,5,86,2025-05-03 10:34:59,
312,Mediateca IES Puerto del Rosario,https://www3.gobiernodecanarias.org/medusa/mediateca/iespuertodelrosario,199,199,87,2024-04-29 07:24:24,
313,CEIP SAN ANTONIO PUERTO DE LA CRUZ,https://www3.gobiernodecanarias.org/medusa/mediateca/ceipsanantonio,8,8,86,2025-06-25 11:30:16,
314,ceipacentejo,https://www3.gobiernodecanarias.org/medusa/mediateca/ceipacentejo,635,638,115,2025-06-29 21:48:23,
315,CEIP Gumersindo Martell,https://www3.gobiernodecanarias.org/medusa/mediateca/ceipgumersindomartell,0,0,86,,
316,CEIP Villaverde,https://www3.gobiernodecanarias.org/medusa/mediateca/ceipvillaverde,22,22,86,2025-04-25 12:22:37,
317,RadioBoral,https://www3.gobiernodecanarias.org/medusa/mediateca/ieslalaboraldelalaguna,96,98,87,2025-06-25 09:14:11,
318,CEP DORAMAS,https://www3.gobiernodecanarias.org/medusa/mediateca/cepdoramas,121,124,86,2025-07-28 13:28:55,
319,EOI de Ingenio,https://www3.gobiernodecanarias.org/medusa/mediateca/eoiingenio,291,291,86,2025-07-11 11:02:24,
320,CEIP EL MATORRAL,https://www3.gobiernodecanarias.org/medusa/mediateca/ceipelmatorral,6,13,86,2024-02-29 18:36:49,
321,CEIP PUNTALLANA,https://www3.gobiernodecanarias.org/medusa/mediateca/ceippuntallana,145,162,86,2025-06-23 17:26:22,
322,CIFP FELO MONZON GRAU-BASSAS,https://www3.gobiernodecanarias.org/medusa/mediateca/cifpfelomonzongraubassas,7,7,86,2023-06-19 11:36:00,
323,CEIP Pájara,https://www3.gobiernodecanarias.org/medusa/mediateca/ceippajara,17,19,86,2024-05-26 11:25:51,
324,CEIP FERNANDO III EL SANTO,https://www3.gobiernodecanarias.org/medusa/mediateca/ceipfernandoiiielsanto,122,122,86,2025-06-20 11:00:32,
325,EOI Valverde,https://www3.gobiernodecanarias.org/medusa/mediateca/eoivalverde,5,5,88,2024-11-25 11:33:37,
326,IES REALEJOS,https://www3.gobiernodecanarias.org/medusa/mediateca/iesrealejos,43,43,86,2025-06-13 11:25:25,
327,IES Politécnico Las Palmas,https://www3.gobiernodecanarias.org/medusa/mediateca/iespolitecnicolaspalmas,470,470,45,2025-07-17 11:55:51,
328,CEE CHACONA,https://www3.gobiernodecanarias.org/medusa/mediateca/ceeechacona,3,3,86,2025-05-30 09:20:08,
329,CEIP Baldomero Bethencourt Francés,https://www3.gobiernodecanarias.org/medusa/mediateca/ceipbaldomerobethencourt,284,523,87,2025-07-04 10:13:43,
330,CEIP ALCALDE ALEXIS TEJERA LEMES,https://www3.gobiernodecanarias.org/medusa/mediateca/ceipalcaldealexistejeralemes,1983,2001,91,2025-06-13 09:58:37,
331,CEIPABONA,https://www3.gobiernodecanarias.org/medusa/mediateca/ceipabona,1,1,86,2023-12-19 11:28:43,
332,CEIP. VALLE SAN LORENZO,https://www3.gobiernodecanarias.org/medusa/mediateca/ceipvallesanlorenzo,21,21,86,2024-09-30 20:52:11,
333,EOI GÜÍMAR,https://www3.gobiernodecanarias.org/medusa/mediateca/eoiguimar,95,158,86,2025-05-12 20:59:27,
334,CEIP TUINEJE,https://www3.gobiernodecanarias.org/medusa/mediateca/ceiptuineje,31,50,86,2025-04-10 11:54:41,
335,CER GRAN CANARIA OESTE,https://www3.gobiernodecanarias.org/medusa/mediateca/cergrancanariaoeste,0,0,86,,
336,CEIP CASAS DE VENEGUERA,https://www3.gobiernodecanarias.org/medusa/mediateca/ceipcasasdeveneguera,22,22,86,2023-12-13 21:28:02,
337,CEIP LA MONTAÑETA,https://www3.gobiernodecanarias.org/medusa/mediateca/ceiplamontaneta,21,21,86,2025-06-24 13:33:11,
338,CEIP ENRIQUE GONZÁLEZ MARTÍN,https://www3.gobiernodecanarias.org/medusa/mediateca/ceipenriquegonzalezmartin,25,25,86,2025-04-11 10:36:42,
339,IES María Pérez Trujillo,https://www3.gobiernodecanarias.org/medusa/mediateca/iesmariapereztrujillo,43,43,86,2025-05-27 09:56:27,
340,P.eOi.Dcast,https://www3.gobiernodecanarias.org/medusa/mediateca/eoisantacruzdetenerife,55,74,86,2025-06-26 10:03:38,
341,CEIP Punta Brava,https://www3.gobiernodecanarias.org/medusa/mediateca/ceippuntabrava,65,65,86,2025-03-11 12:59:35,
342,CEO IGNACIO ALDECOA,https://www3.gobiernodecanarias.org/medusa/mediateca/ceoignacioaldecoa,0,0,86,,
343,CEIP Juan del Río Ayala,https://www3.gobiernodecanarias.org/medusa/mediateca/ceipjuandelrioayala,33,33,86,2025-06-21 20:05:25,
344,Mediateca - IES Profesor Juan Pulido Castro,https://www3.gobiernodecanarias.org/medusa/mediateca/iesprofesorjuanpulidocastro,6,6,87,2024-04-16 18:55:15,
345,IES San Nicolás,https://www3.gobiernodecanarias.org/medusa/mediateca/iessannicolas,44,44,86,2025-05-10 22:53:14,
346,IES Corralejo,https://www3.gobiernodecanarias.org/medusa/mediateca/iescorralejo,0,0,86,,
347,Mediateca del IES Playa de Arinaga,https://www3.gobiernodecanarias.org/medusa/mediateca/iesplayadearinaga,4,4,86,2024-04-20 19:52:26,
348,IES CARRIZAL,https://www3.gobiernodecanarias.org/medusa/mediateca/iescarrizal,55,58,86,2025-06-05 12:19:46,
349,MEDIATECA CEPA GÜÍMAR,https://www3.gobiernodecanarias.org/medusa/mediateca/cepaguimar,55,72,86,2025-06-05 12:47:31,
350,Barrio Costa MEDIATECA,https://www3.gobiernodecanarias.org/medusa/mediateca/ceipbarriocosta,13,13,86,2025-04-02 09:17:43,
351,CEIP LA LOMADA,https://www3.gobiernodecanarias.org/medusa/mediateca/ceiplalomada,0,0,86,,
352,CER LAS BREÑAS,https://www3.gobiernodecanarias.org/medusa/mediateca/cerlasbrenas,3,5,86,2025-05-28 16:58:34,
353,IES Playa Honda ,https://www3.gobiernodecanarias.org/medusa/mediateca/iesplayahonda,78,78,86,2024-09-01 11:27:17,
354,CEIP ADAMANCASIS,https://www3.gobiernodecanarias.org/medusa/mediateca/ceipadamancasis,70,70,95,2024-10-22 16:01:40,
355,CEIP Las Mercedes,https://www3.gobiernodecanarias.org/medusa/mediateca/ceiplasmercedes,9,9,86,2024-12-02 15:25:50,
356,Radio MRA,https://www3.gobiernodecanarias.org/medusa/mediateca/iesmariarosaalonso,13,13,86,2024-02-07 13:05:31,
357,CEIP Ajei,https://www3.gobiernodecanarias.org/medusa/mediateca/ceipajei,7,14,88,2024-06-20 23:44:30,
358,CEIP El Tablero Gran Canaria,https://www3.gobiernodecanarias.org/medusa/mediateca/ceipeltablerograncanaria,6,6,86,2025-06-23 22:23:45,
359,CEE PUERTO DEL ROSARIO,https://www3.gobiernodecanarias.org/medusa/mediateca/ceeepuertodelrosario,12,24,90,2025-05-09 11:40:08,
360,CEIP José Manuel Illera de la Mora,https://www3.gobiernodecanarias.org/medusa/mediateca/ceipjosemanuelilleradelamora,30,30,86,2023-03-15 18:15:06,
361,CEIP Oasis de Maspalomas,https://www3.gobiernodecanarias.org/medusa/mediateca/ceipoasisdemaspalomas,172,179,88,2025-06-21 11:00:38,
362,Mediateca La Rocha,https://www3.gobiernodecanarias.org/medusa/mediateca/iesjosefrugoniperez,13,26,86,2025-07-02 17:27:51,
363,CEIP Tierra del Trigo,https://www3.gobiernodecanarias.org/medusa/mediateca/ceiptierradeltrigo,1,1,86,2023-06-16 09:35:31,
364,MenceyAcaymo,https://www3.gobiernodecanarias.org/medusa/mediateca/iesmenceyacaymo,174,175,92,2025-06-29 00:14:40,
365,IES LA ATALAYA,https://www3.gobiernodecanarias.org/medusa/mediateca/ieslaatalaya,0,0,86,,
366,CEIP ALDEA BLANCA,https://www3.gobiernodecanarias.org/medusa/mediateca/ceipaldeablanca,11,22,86,2025-06-18 11:24:47,
367,La Mediateca,https://www3.gobiernodecanarias.org/medusa/mediateca/ieslamatanza,12,12,89,2025-07-09 08:38:27,
368,CEIP JOSE PEREZ VIDAL,https://www3.gobiernodecanarias.org/medusa/mediateca/ceipjoseperezvidal,16,16,86,2025-03-28 18:22:27,
369,CEPA GUAYAFANTA,https://www3.gobiernodecanarias.org/medusa/mediateca/cepaguayafanta,44,44,86,2025-03-31 10:11:59,
370,CEIP DOCTOR HERNANDEZ BENITEZ,https://www3.gobiernodecanarias.org/medusa/mediateca/ceipdoctorhernandezbenitez,5,5,86,2023-06-23 10:12:29,
371,CEIP EL TOSCAL-LONGUERA,https://www3.gobiernodecanarias.org/medusa/mediateca/ceiptoscallonguera,31,34,86,2025-06-24 09:05:24,
372,CEPA Santa Brígida,https://www3.gobiernodecanarias.org/medusa/mediateca/cepasantabrigida,1,1,86,2025-06-24 09:46:43,
373,CEIP ALCALDE MARCIAL FRANCO,https://www3.gobiernodecanarias.org/medusa/mediateca/ceipalcaldemarcialfranco,52,64,86,2025-02-18 13:26:40,
374,CEIP PRINCESA ARECIDA,https://www3.gobiernodecanarias.org/medusa/mediateca/ceipprincesaarecida,11,11,86,2025-01-31 16:44:55,
375,CEIP TEMOCODÁ,https://www3.gobiernodecanarias.org/medusa/mediateca/ceiptemocoda,4,4,86,2025-05-07 09:35:44,
376,CEIP ALAJERÓ,https://www3.gobiernodecanarias.org/medusa/mediateca/ceipalajero,0,0,86,,
377,CEIP LA LADERA,https://www3.gobiernodecanarias.org/medusa/mediateca/ceiplaladera,177,177,86,2025-06-30 14:41:21,
378,CEIP ALOJERA,https://www3.gobiernodecanarias.org/medusa/mediateca/ceipalojera,23,23,86,2025-06-14 11:58:39,
379,CEIP GENOVÉS,https://www3.gobiernodecanarias.org/medusa/mediateca/ceipgenoves,5,5,86,2025-05-02 18:07:32,
380,CEIP El Retamal,https://www3.gobiernodecanarias.org/medusa/mediateca/ceipelretamal,0,0,86,,
381,CER LAS PALMAS ARUCAS (35707713),https://www3.gobiernodecanarias.org/medusa/mediateca/cerlaspalmasarucas,0,0,86,,
382,CEIP EL TOSCÓN(35006278),https://www3.gobiernodecanarias.org/medusa/mediateca/ceipeltoscon,0,0,86,,
383,Podcast de la EOI Puerto de la Cruz,https://www3.gobiernodecanarias.org/medusa/mediateca/eoipuertodelacruz,45,49,88,2025-05-13 12:13:44,
384,MEDIATECA IES TEGUISE,https://www3.gobiernodecanarias.org/medusa/mediateca/iesteguise,0,0,86,,
385,CEIP Soo,https://www3.gobiernodecanarias.org/medusa/mediateca/ceipsoo,0,0,86,,
386,CEIP Punta Larga,https://www3.gobiernodecanarias.org/medusa/mediateca/ceippuntalarga,49,49,86,2025-06-30 10:09:13,
387,CEO Mario Lhermet Vallier,https://www3.gobiernodecanarias.org/medusa/mediateca/ceomariolhermetvallier,8,8,86,2023-06-25 21:42:42,
388,IES Pablo Montesino,https://www3.gobiernodecanarias.org/medusa/mediateca/iespablomontesino,2,2,87,2024-03-13 12:12:40,
389,MEDIATECA CHARCO DEL PINO,https://www3.gobiernodecanarias.org/medusa/mediateca/ceipcharcodelpino,122,122,86,2025-06-18 15:51:01,
390,Mediateca CEIP San Fernando,https://www3.gobiernodecanarias.org/medusa/mediateca/ceipsanfernando,2,2,87,2023-10-26 18:21:14,
391,Radiominik-conecta2,https://www3.gobiernodecanarias.org/medusa/mediateca/iesdomingoperezminik,69,69,86,2025-04-03 18:18:14,
392,Sagaseta,https://www3.gobiernodecanarias.org/medusa/mediateca/iesfernandosagaseta,5,5,86,2025-04-01 12:03:20,
393,EA Pancho Lasso,https://www3.gobiernodecanarias.org/medusa/mediateca/eapancholasso,15,15,86,2025-06-17 10:45:02,
394,Mediateca IES TÁMARA,https://www3.gobiernodecanarias.org/medusa/mediateca/iestamara,46,47,86,2025-06-26 09:17:56,
395,CEIP San Matías,https://www3.gobiernodecanarias.org/medusa/mediateca/ceipsanmatias,282,284,5,2025-07-07 11:31:54,
396,Mediateca MRA 22-23,https://www3.gobiernodecanarias.org/medusa/mediateca/ceipmariarosaalonso,96,96,86,2025-03-19 08:45:48,
397,MEDIATECA CEIP SANTA LUCÍA,https://www3.gobiernodecanarias.org/medusa/mediateca/ceipsantalucia,1,1,91,2022-12-14 09:54:48,
398,CEIP CAMPINO,https://www3.gobiernodecanarias.org/medusa/mediateca/ceipcampino,23,23,86,2025-04-08 12:26:44,
399,CEPA Valverde,https://www3.gobiernodecanarias.org/medusa/mediateca/cepavalverde,0,0,86,,
400,CEE INES FUENTES Y GONZÁLEZ DE ALEDO,https://www3.gobiernodecanarias.org/medusa/mediateca/ceeeinesfuentesygonzalezdealedo,189,189,86,2025-07-03 20:05:35,
401,IES YAIZA,https://www3.gobiernodecanarias.org/medusa/mediateca/iesyaiza,204,418,86,2025-06-14 23:11:22,
402,IES Jerónimo Saavedra,https://www3.gobiernodecanarias.org/medusa/mediateca/iesjeronimosaavedra,0,0,86,,
403,GALERIA CÉSAR,https://www3.gobiernodecanarias.org/medusa/mediateca/ceipcesarmanrique,503,600,86,2025-08-05 12:17:06,
404,MEDIATECA CEIP MONTAÑA LOS VÉLEZ,https://www3.gobiernodecanarias.org/medusa/mediateca/ceipmontanalosvelez,0,0,86,,
405,CEIP Bernabé Figueroa,https://www3.gobiernodecanarias.org/medusa/mediateca/ceipbernabefigueroaumpierrez,25,26,86,2025-06-13 12:09:13,
406,IES MESA Y LÓPEZ,https://www3.gobiernodecanarias.org/medusa/mediateca/iesmesaylopez,5,5,86,2024-06-17 10:14:32,
407,EOI FUERTEVENTURA,https://www3.gobiernodecanarias.org/medusa/mediateca/eoipuertodelrosario,0,0,86,,
408,IES Primero de Mayo,https://www3.gobiernodecanarias.org/medusa/mediateca/iesprimerodemayo,0,0,86,,
409,Cole de El Valle,https://www3.gobiernodecanarias.org/medusa/mediateca/ceipanabetancorestupinan,16,16,85,2025-05-29 09:37:39,
410,Cercado Espino,https://www3.gobiernodecanarias.org/medusa/mediateca/ceipcercadodeespino,22,22,86,2025-07-07 15:35:42,
411,CEIP ANTONIO ZEROLO,https://www3.gobiernodecanarias.org/medusa/mediateca/ceipantoniozerolo,26,26,87,2025-07-02 09:07:41,
412,Mediateca CEIP La Era,https://www3.gobiernodecanarias.org/medusa/mediateca/ceiplaera,19,19,87,2025-06-06 09:09:06,
413,I.E.S. Las Brenas,https://www3.gobiernodecanarias.org/medusa/mediateca/ieslasbrenas,72,87,90,2024-11-11 13:25:41,
414,CEIP YAIZA,https://www3.gobiernodecanarias.org/medusa/mediateca/ceipyaiza,229,233,86,2025-06-18 10:43:00,
415,iesdetafiranelsonmandela,https://www3.gobiernodecanarias.org/medusa/mediateca/iestafira,13,15,86,2025-06-25 16:19:46,
416,CEIP FRANCISCO AFONSO CARRILLO,https://www3.gobiernodecanarias.org/medusa/mediateca/ceipfranciscoafonsocarrillo,2,2,86,2023-02-13 13:56:39,
417,CEIP Tao,https://www3.gobiernodecanarias.org/medusa/mediateca/ceiptao,18,21,86,2025-06-30 07:17:45,
418,CEIP Munique,https://www3.gobiernodecanarias.org/medusa/mediateca/ceipmunique,7,7,86,2024-10-07 08:46:00,
419,CEIP Los Valles,https://www3.gobiernodecanarias.org/medusa/mediateca/ceiplosvalles,0,0,86,,
420,CEIP Las Brenas Lanzarote,https://www3.gobiernodecanarias.org/medusa/mediateca/ceiplasbrenas,6,6,86,2024-10-23 09:30:39,
421,CEIP Chayofa,https://www3.gobiernodecanarias.org/medusa/mediateca/ceipchayofa,2,2,105,2025-02-11 17:54:55,
422,IES SCHAMANN,https://www3.gobiernodecanarias.org/medusa/mediateca/iesschamann,0,0,86,,
423,CEIP La Vegueta,https://www3.gobiernodecanarias.org/medusa/mediateca/ceiplavegueta,2,2,86,2025-05-02 11:06:13,
424,IES Sabino Berthelot,https://www3.gobiernodecanarias.org/medusa/mediateca/iessabinoberthelot,0,0,86,,
425,CEIP Guime,https://www3.gobiernodecanarias.org/medusa/mediateca/ceipguime,0,0,86,,
426,IES VECINDARIO,https://www3.gobiernodecanarias.org/medusa/mediateca/iesvecindario,119,119,99,2025-06-18 18:55:08,
427,CEIP Mesa y Lopez,https://www3.gobiernodecanarias.org/medusa/mediateca/ceipmesaylopez,26,28,86,2025-06-13 12:53:22,
428,ceipaponte,https://www3.gobiernodecanarias.org/medusa/mediateca/ceipaponte,17,19,86,2025-02-24 11:57:38,
429,CEIPLASAMERICAS,https://www3.gobiernodecanarias.org/medusa/mediateca/ceipplayalasamericas,14,14,86,2025-01-14 20:38:11,
430,CervanTECA,https://www3.gobiernodecanarias.org/medusa/mediateca/ceipmigueldecervantes,0,0,86,,
431,CEIP LOLA MASSIEU LA ANGOSTURA,https://www3.gobiernodecanarias.org/medusa/mediateca/ceiplolamassieulaangostura,2,2,86,2023-03-18 11:37:39,
432,MEDIATECA CEIP SECUNDINO DELGADO,https://www3.gobiernodecanarias.org/medusa/mediateca/ceipsecundinodelgado,50,51,86,2025-06-18 20:59:35,
433,IES LOS TARAHALES,https://www3.gobiernodecanarias.org/medusa/mediateca/ieslostarahales,247,248,87,2025-06-25 08:44:47,
434,CEIP San Juan,https://www3.gobiernodecanarias.org/medusa/mediateca/ceipsanjuan,3,3,86,2023-06-08 10:23:19,
435,Digital del Atlantico,https://www3.gobiernodecanarias.org/medusa/mediateca/iesferiadelatlantico,31,31,86,2023-06-28 07:15:34,
436,CEPA FUERTEVENTURA SUR,https://www3.gobiernodecanarias.org/medusa/mediateca/cepafuerteventurasur,2,2,86,2023-01-27 11:48:14,
437,Mediateca CEIP El Roque,https://www3.gobiernodecanarias.org/medusa/mediateca/ceipelroque,131,131,86,2025-07-06 20:39:41,
438,catolica,https://www3.gobiernodecanarias.org/medusa/mediateca/ceipisabellacatolica,328,328,87,2025-05-22 22:19:46,
439,cepalaspalmas,https://www3.gobiernodecanarias.org/medusa/mediateca/cepalaspalmas,5,5,86,2023-02-07 12:02:14,
440,CEIP Buenavista de Abajo,https://www3.gobiernodecanarias.org/medusa/mediateca/ceipbuenavistadeabajo,3,5,86,2023-10-07 11:43:54,
441,COLEGIO AMELIA VEGA MONZON,https://www3.gobiernodecanarias.org/medusa/mediateca/ceipameliavega,16,17,86,2025-06-09 19:36:35,
442,CEIP INFANTA ELENA,https://www3.gobiernodecanarias.org/medusa/mediateca/ceipinfantaelena,182,183,86,2025-05-30 11:34:20,
443,CEIP Mararia,https://www3.gobiernodecanarias.org/medusa/mediateca/ceipmararia,1,1,86,2024-05-08 11:01:22,
444,Área de Salud Escolar y Estilos de Vida Saludable,https://www3.gobiernodecanarias.org/medusa/mediateca/saludescolar,118,208,104,2025-02-25 09:00:05,
445,CEIP EL RIO,https://www3.gobiernodecanarias.org/medusa/mediateca/ceipelrio,51,51,86,2024-06-27 10:16:40,
446,CEIP Antonito El Farero,https://www3.gobiernodecanarias.org/medusa/mediateca/ceipantonitoelfarero,0,0,86,,
447,IESICHASAGUA,https://www3.gobiernodecanarias.org/medusa/mediateca/iesichasagua,3,3,86,2024-01-29 14:32:47,
448,CEIP EL PUERTITO,https://www3.gobiernodecanarias.org/medusa/mediateca/ceipelpuertitodeguimar,20,20,86,2025-05-16 11:22:37,
449,CEIP Ntra. Sra. de la Luz,https://www3.gobiernodecanarias.org/medusa/mediateca/ceipnuestrasenoradelaluz,2,2,86,2023-04-17 12:36:19,
450,CEIP Tigaday_Mediateca,https://www3.gobiernodecanarias.org/medusa/mediateca/ceiptigaday,52,52,86,2025-06-19 09:54:04,
451,Mediateca CEIP Cardonal I,https://www3.gobiernodecanarias.org/medusa/mediateca/ceipcardonali,25,25,86,2025-06-19 11:56:10,
452,CEIP MANUEL GALVAN DE LAS CASAS,https://www3.gobiernodecanarias.org/medusa/mediateca/ceipmanuelgalvandelascasas,208,208,86,2025-06-27 11:18:53,
453,CEIP Teobaldo Power,https://www3.gobiernodecanarias.org/medusa/mediateca/ceipteobaldopower,1088,1089,86,2025-07-14 00:54:59,
454,CEIP BOTAZO,https://www3.gobiernodecanarias.org/medusa/mediateca/ceipbotazo,6,6,86,2024-04-08 12:10:21,
455,CEIP El Cuchillo,https://www3.gobiernodecanarias.org/medusa/mediateca/ceipelcuchillo,0,0,86,,
456,CEIP SAN BENITO LA LAGUNA,https://www3.gobiernodecanarias.org/medusa/mediateca/ceipsanbenito,114,117,86,2025-06-18 20:50:04,
457,MEDIATECA CEIP LOS VERODES,https://www3.gobiernodecanarias.org/medusa/mediateca/ceiplosverodes,89,95,86,2025-07-01 09:18:15,
458,MediaCER,https://www3.gobiernodecanarias.org/medusa/mediateca/cergranadilladeabona,8,16,86,2025-03-08 10:16:47,
459,CEIP Poeta Francisco Tarajano,https://www3.gobiernodecanarias.org/medusa/mediateca/ceippoetafranciscotarajano,21,21,86,2023-06-29 11:42:02,
460,CEIP EMETERIO GUTIERREZ ALBELO - Icod de los Vinos,https://www3.gobiernodecanarias.org/medusa/mediateca/ceipemeteriogutierrezalbelo,77,77,86,2025-06-30 12:50:01,
461,CEIP FANABE,https://www3.gobiernodecanarias.org/medusa/mediateca/ceipfanabe,20,20,86,2025-03-21 13:26:59,
462,EOI Santa Brigida,https://www3.gobiernodecanarias.org/medusa/mediateca/eoisantabrigida,0,0,86,,
463,CEIP Claudio de la Torre,https://www3.gobiernodecanarias.org/medusa/mediateca/ceipclaudiodelatorre,11,11,86,2024-05-09 07:56:38,
464,CEIP Esteban Navarro Snchez,https://www3.gobiernodecanarias.org/medusa/mediateca/ceipestebannavarrosanchez,16,16,87,2024-06-13 18:27:51,
465,La biblioteca de El Faro,https://www3.gobiernodecanarias.org/medusa/mediateca/iesfarodemaspalomas,16,16,86,2024-06-26 20:39:00,
466,CEIP Tamaimo,https://www3.gobiernodecanarias.org/medusa/mediateca/ceiptamaimo,46,46,86,2025-06-10 12:45:33,
467,ceipsanjuantelde,https://www3.gobiernodecanarias.org/medusa/mediateca/ceipsanjuantelde,4,4,86,2023-11-25 11:46:56,
468,Mediateca IES Valle Guerra,https://www3.gobiernodecanarias.org/medusa/mediateca/iesvalleguerra,0,0,86,,
469,CEIP LA DESTILA,https://www3.gobiernodecanarias.org/medusa/mediateca/ceipladestila,21,37,86,2024-03-27 00:57:11,
470,CEIP Nuestra Sra del Buen Viaje,https://www3.gobiernodecanarias.org/medusa/mediateca/ceipnuestrasenoradelbuenviaje,21,21,86,2025-07-18 21:14:19,
471,CEIP PROFESOR RAFAEL GOMEZ SANTOS,https://www3.gobiernodecanarias.org/medusa/mediateca/ceipprofesorrafaelgomezsantos,0,0,86,,
472,IES San Marcos,https://www3.gobiernodecanarias.org/medusa/mediateca/iessanmarcos,70,70,86,2025-06-26 17:22:51,
473,CEIP FELICIANO HERNANDEZ GARCIA,https://www3.gobiernodecanarias.org/medusa/mediateca/ceipfelicianohernandezgarcia,7,7,86,2025-06-10 18:22:08,
474,CEIP LOS CANARIOS,https://www3.gobiernodecanarias.org/medusa/mediateca/ceiploscanarios,2,2,86,2023-03-21 12:20:20,
475,CEIP. VILLA DE ARICO,https://www3.gobiernodecanarias.org/medusa/mediateca/ceipvilladearico,8,8,86,2025-06-26 12:43:23,
476,IES Granadilla de Abona,https://www3.gobiernodecanarias.org/medusa/mediateca/iesgranadilla,28,28,86,2025-06-12 16:47:43,
477,CIFP CRUZ DE PIEDRA,https://www3.gobiernodecanarias.org/medusa/mediateca/cifpcruzdepiedra,8,8,86,2025-06-10 15:11:21,
478,ceiptagorortfe,https://www3.gobiernodecanarias.org/medusa/mediateca/ceiptagorortfe,0,0,86,,
479,CEIP PADILLA,https://www3.gobiernodecanarias.org/medusa/mediateca/ceippadilla,39,41,86,2025-06-05 19:53:39,
480,CEIP DJM,https://www3.gobiernodecanarias.org/medusa/mediateca/ceipdomingojuanmanrique,0,0,86,,
481,CEIP CESAR MANRIQUE - PTO CRUZ,https://www3.gobiernodecanarias.org/medusa/mediateca/ceipcesarmanriqueptocruz,12,12,86,2025-03-20 21:25:13,
482,CEIP Anselmo Perez de Brito,https://www3.gobiernodecanarias.org/medusa/mediateca/ceipanselmoperezbrito,44,51,87,2025-04-27 08:57:24,
483,Mediateca IES Garachico,https://www3.gobiernodecanarias.org/medusa/mediateca/iesgarachicoalcaldelorenzodorta,1,1,86,2023-04-24 07:58:39,
484,CEIP SANTA ROSA DE LIMA,https://www3.gobiernodecanarias.org/medusa/mediateca/ceipsantarosadelima,89,89,86,2025-05-21 12:19:27,
485,Mediateca del IES Jandia,https://www3.gobiernodecanarias.org/medusa/mediateca/iesjandia,891,892,86,2025-07-23 12:23:17,
486,CEPA Titerroygatra,https://www3.gobiernodecanarias.org/medusa/mediateca/cepatiterroygatra,0,0,86,,
487,CEIP LAS CHUMBERAS,https://www3.gobiernodecanarias.org/medusa/mediateca/ceiplaschumberas,375,375,86,2025-07-03 11:40:26,
488,CEIP POETA MONTIANO PLACERES,https://www3.gobiernodecanarias.org/medusa/mediateca/ceippoetamontianoplaceres,41,41,86,2025-06-15 17:00:27,
489,Mediateca EOI Arucas,https://www3.gobiernodecanarias.org/medusa/mediateca/eoiarucas,0,0,86,,
490,Vdeos de centro,https://www3.gobiernodecanarias.org/medusa/mediateca/cifptonygallardo,34,34,86,2025-06-16 08:35:52,
491,CEIP LA CUMBRITA,https://www3.gobiernodecanarias.org/medusa/mediateca/ceiplacumbrita,126,126,91,2025-06-24 07:52:36,
492,MEDIATECA CEIP M. PELADA,https://www3.gobiernodecanarias.org/medusa/mediateca/ceipmontanapelada,26,26,86,2025-04-28 09:39:08,
493,Ceip Virgen del Pilar Chimiche,https://www3.gobiernodecanarias.org/medusa/mediateca/ceipvirgendelpilar,186,187,86,2025-04-23 12:08:28,
494,CEIP NESTOR DE LA TORRE,https://www3.gobiernodecanarias.org/medusa/mediateca/ceipnestordelatorre,0,0,86,,
495,CEIP LOS ABRIGOS,https://www3.gobiernodecanarias.org/medusa/mediateca/ceiplosabrigos,29,33,86,2025-06-23 16:57:50,
496,CEIP PINTOR NESTOR,https://www3.gobiernodecanarias.org/medusa/mediateca/ceippintornestor,17,22,86,2025-06-25 22:18:52,
497,EOI MASPALOMAS,https://www3.gobiernodecanarias.org/medusa/mediateca/eoimaspalomas,35,35,86,2024-12-21 14:50:18,
498,CEIP Los Blanquitos,https://www3.gobiernodecanarias.org/medusa/mediateca/ceiplosblanquitos,6,11,86,2025-02-26 11:22:05,
499,UEC,https://www3.gobiernodecanarias.org/medusa/mediateca/iespuntagorda,55,55,86,2025-06-16 11:33:45,
500,Aula Unidad Pediátrica Hospital Santa Cruz,https://www3.gobiernodecanarias.org/medusa/mediateca/aulaunidadpediatricahospitalstacruz,12,13,87,2025-06-02 10:33:49,
501,Aula Hospital Dr. José Molina Orosa,https://www3.gobiernodecanarias.org/medusa/mediateca/aulahospitaldoctorjosemolinaorosa,1,1,86,2024-05-16 09:06:30,
502,CEIPMariaauxiliadora,https://www3.gobiernodecanarias.org/medusa/mediateca/ceipmariaauxiliadora,11,11,86,2024-10-17 17:42:39,
503,CEIP LUCIA JIMENEZ OLIVA,https://www3.gobiernodecanarias.org/medusa/mediateca/ceipluciajimenezoliva,63,63,86,2024-10-07 10:46:46,
504,CEIP JINAMAR FASE V,https://www3.gobiernodecanarias.org/medusa/mediateca/ceipjinamarfasev,0,0,86,,
505,IES GUAZA,https://www3.gobiernodecanarias.org/medusa/mediateca/iesguaza,20,20,86,2025-07-21 20:28:54,
506,CIFP La Laguna,https://www3.gobiernodecanarias.org/medusa/mediateca/cifplalaguna,8,8,86,2025-03-10 20:11:50,
507,CEIP El Roque San Miguel ,https://www3.gobiernodecanarias.org/medusa/mediateca/ceipelroquesan%20miguel,0,0,0,,file_not_found:Local XML file not found for 'https://www3.gobiernodecanarias.org/medusa/mediateca/ceipelroquesan%20miguel' in 'exports'
508,CEIP El Roque San Miguel ,https://www3.gobiernodecanarias.org/medusa/mediateca/ceipelroquesanmiguel,31,43,86,2025-05-06 10:38:49,
509,IES LA MINILLA,https://www3.gobiernodecanarias.org/medusa/mediateca/ieslaminilla,5,5,86,2025-05-12 09:22:24,
510,CEPA FUERTEVENTURA NORTE,https://www3.gobiernodecanarias.org/medusa/mediateca/cepafuerteventuranorte,0,0,86,,
511,CEIP SALAMANCA,https://www3.gobiernodecanarias.org/medusa/mediateca/ceipsalamanca,8,8,86,2024-02-09 20:00:45,
512,CEIP DR.ALFONSO SPNOLA,https://www3.gobiernodecanarias.org/medusa/mediateca/ceipdoctoralfonsospinola,56,56,86,2025-05-21 07:23:41,
513,CER El Hierro,https://www3.gobiernodecanarias.org/medusa/mediateca/cerelhierro,0,0,86,,
514,CEIP Francisco Navarro Artiles,https://www3.gobiernodecanarias.org/medusa/mediateca/ceipfrancisconavarroartiles,0,0,86,,
515,CEIP ARAGON,https://www3.gobiernodecanarias.org/medusa/mediateca/ceiparagon,2,3,86,2023-12-20 09:24:35,
516,CER ANAGA,https://www3.gobiernodecanarias.org/medusa/mediateca/ceranaga,359,360,86,2025-07-02 08:53:02,
517,Mencey Bentor,https://www3.gobiernodecanarias.org/medusa/mediateca/ceipmenceybentor,14,14,86,2025-06-20 16:55:12,
518,CEIP PLUS ULTRA,https://www3.gobiernodecanarias.org/medusa/mediateca/ceipplusultra,3,3,86,2024-04-01 15:24:22,
519,Aula Hospital Materno Infantil,https://www3.gobiernodecanarias.org/medusa/mediateca/aulahospitalmaternoinfantil,0,0,86,,
520,IES PUERTO DEL CARMEN,https://www3.gobiernodecanarias.org/medusa/mediateca/iespuertodelcarmen,2,2,86,2025-05-22 07:51:38,
521,CEIP Virgen de Fatima,https://www3.gobiernodecanarias.org/medusa/mediateca/ceipvirgendefatima,16,24,86,2024-12-29 17:40:40,
522,CEIP Miguel Pintor Gonzlez,https://www3.gobiernodecanarias.org/medusa/mediateca/ceipmiguelpintorgonzalez,27,27,86,2025-06-30 12:38:46,
523,Escuela Oficial de Idiomas Los Cristianos,https://www3.gobiernodecanarias.org/medusa/mediateca/eoiloscristianos,223,248,95,2025-07-14 16:19:37,
524,CEIP Froilan Hernandez Gonzalez,https://www3.gobiernodecanarias.org/medusa/mediateca/ceipfroilanhernandezgonzalez,25,38,86,2025-06-16 08:57:04,
525,CEIP Montana Pacho,https://www3.gobiernodecanarias.org/medusa/mediateca/ceipmontanapacho,31,31,86,2025-06-26 12:09:52,
526,MEDIATECA CEIP SANTA CATALINA,https://www3.gobiernodecanarias.org/medusa/mediateca/ceipsantacatalina,61,61,88,2025-06-06 18:59:15,
527,Mediateca CER Firgas,https://www3.gobiernodecanarias.org/medusa/mediateca/cerfirgas,0,0,86,,
528,CEIP FRONTON,https://www3.gobiernodecanarias.org/medusa/mediateca/ceipfronton,0,0,86,,
529,CEIP JOSE ESQUIVEL,https://www3.gobiernodecanarias.org/medusa/mediateca/ceipjoseesquivel,0,0,86,,
530,IES LUIS DIEGO CUSCOY,https://www3.gobiernodecanarias.org/medusa/mediateca/iesluisdiegocuscoy,26,26,86,2025-07-28 08:12:06,
531,IES La Victoria,https://www3.gobiernodecanarias.org/medusa/mediateca/ieslavictoriaalfonsofernandezgarcia,9,9,86,2025-05-11 11:19:01,
532,Mediateca CEIP Rambla Santa Cruz,https://www3.gobiernodecanarias.org/medusa/mediateca/ceiprambladesantacruz,21,22,86,2025-05-21 06:58:04,
533,CEIP GUENIA,https://www3.gobiernodecanarias.org/medusa/mediateca/ceipguenia,4,4,86,2024-03-18 14:53:42,
534,Mediateca CEIP El Ortigal,https://www3.gobiernodecanarias.org/medusa/mediateca/ceipelortigal,223,223,86,2025-06-26 11:02:14,
535,CEIP BRENA,https://www3.gobiernodecanarias.org/medusa/mediateca/ceipbrena,0,0,86,,
536,CloriMedia,https://www3.gobiernodecanarias.org/medusa/mediateca/ceipclorindasalazar,8,8,86,2025-03-12 00:37:35,
537,CEIP La Vega,https://www3.gobiernodecanarias.org/medusa/mediateca/ceiplavega,176,178,86,2025-06-24 15:51:28,
538,CER BARLOVENTO-SAUCES,https://www3.gobiernodecanarias.org/medusa/mediateca/cerbarloventosauces,16,16,86,2024-12-03 11:49:11,
539,CEIP MENCEY BENCOMO,https://www3.gobiernodecanarias.org/medusa/mediateca/ceipmenceybencomo,0,0,86,,
540,Mediateca CEIP La Asomada-Macher,https://www3.gobiernodecanarias.org/medusa/mediateca/ceiplaasomadamacher,154,154,86,2025-06-23 16:41:31,
541,Ceip machado,https://www3.gobiernodecanarias.org/medusa/mediateca/ceipmachado,40,40,86,2024-03-08 19:50:00,
542,MEDIATECA CEIP MORRO JABLE,https://www3.gobiernodecanarias.org/medusa/mediateca/ceipmorrojable,2,2,86,2023-05-31 07:56:54,
543,CEIP BUENLUGAR,https://www3.gobiernodecanarias.org/medusa/mediateca/ceipbuenlugar,3,3,86,2023-05-19 10:17:43,
544,IES Los Cristianos,https://www3.gobiernodecanarias.org/medusa/mediateca/iesloscristianos,359,359,86,2025-06-24 16:46:14,
545,CEIP LAS MANCHAS,https://www3.gobiernodecanarias.org/medusa/mediateca/ceiplasmanchas,0,0,86,,
546,EOI Arrecife,https://www3.gobiernodecanarias.org/medusa/mediateca/eoiarrecife,0,0,86,,
547,CEIP SAN LORENZO LAS PALMAS,https://www3.gobiernodecanarias.org/medusa/mediateca/ceipsanlorenzo,2,2,9,2025-07-30 18:49:14,
548,CEIP LOS OLIVOS,https://www3.gobiernodecanarias.org/medusa/mediateca/ceiplosolivos,18,20,86,2025-04-28 11:37:59,
549,CEIP Granadilla de Abona,https://www3.gobiernodecanarias.org/medusa/mediateca/ceipgranadilladeabona,3,3,86,2024-05-20 16:05:30,
550,CEAD Las Palmas,https://www3.gobiernodecanarias.org/medusa/mediateca/ceadprofesorfelixperezparrilla,0,0,86,,
551,CEIP Mariela ,https://www3.gobiernodecanarias.org/medusa/mediateca/ceipmarielacaceresperez,11,12,86,2025-02-19 18:36:09,
552,Llano de las Naciones,https://www3.gobiernodecanarias.org/medusa/mediateca/ceipllanodelasnaciones,24,24,86,2025-06-13 11:50:29,
553,CEIP La Salud,https://www3.gobiernodecanarias.org/medusa/mediateca/ceiplasalud,76,76,86,2025-06-22 08:54:37,
554,CEIP AMPUYENTA,https://www3.gobiernodecanarias.org/medusa/mediateca/ceipampuyenta,69,69,89,2025-03-10 13:45:37,
555,CEIP Aldea Blanca San Miguel,https://www3.gobiernodecanarias.org/medusa/mediateca/ceipaldeablancasanmiguel,30,30,86,2025-06-16 18:28:13,
556,Mediateca CEIP Tamaran,https://www3.gobiernodecanarias.org/medusa/mediateca/ceiptamaran,7,7,86,2025-07-09 09:01:03,
557,CEIP LA ROSA,https://www3.gobiernodecanarias.org/medusa/mediateca/ceiplarosa,72,72,89,2025-06-05 12:05:43,
558,Mediateca del CEO. Hermano Pedro-Vilaflor,https://www3.gobiernodecanarias.org/medusa/mediateca/ceohermanopedrovilaflor,82,82,86,2025-06-04 11:04:51,
559,CEIP GABRIEL DUQUE ACOSTA,https://www3.gobiernodecanarias.org/medusa/mediateca/ceipgabrielduqueacosta,70,70,86,2025-06-26 12:02:46,
560,CEO EN VALLEHERMOSO,https://www3.gobiernodecanarias.org/medusa/mediateca/ceoenvallehermoso,45,45,87,2025-07-07 08:55:19,
561,CEE El Dorador,https://www3.gobiernodecanarias.org/medusa/mediateca/ceeeeldorador,13,13,86,2023-06-28 11:59:03,
562,CEIP El Goro,https://www3.gobiernodecanarias.org/medusa/mediateca/ceipelgoro,0,0,86,,
563,R.E.Pedro Garcia Cabrera,https://www3.gobiernodecanarias.org/medusa/mediateca/repedrogarciacabrera,1,1,86,2023-07-06 11:31:34,
564,CEIP PUNTAGORDA,https://www3.gobiernodecanarias.org/medusa/mediateca/ceippuntagorda,0,0,86,,
565,CEIP Armenime,https://www3.gobiernodecanarias.org/medusa/mediateca/ceiparmenime,65,86,86,2024-06-27 09:50:26,
566,CEIP Pepe Damaso,https://www3.gobiernodecanarias.org/medusa/mediateca/ceippepedamaso,1,1,86,2023-07-03 12:44:45,
567,Multimedia IESRMP,https://www3.gobiernodecanarias.org/medusa/mediateca/iesramonmenendezpidal,68,68,87,2025-07-06 09:22:54,
568,NUEVA ATLANTIDA,https://www3.gobiernodecanarias.org/medusa/mediateca/ceipatlantida,91,92,87,2025-07-01 08:23:46,
569,CEIP SAN ANTONIO,https://www3.gobiernodecanarias.org/medusa/mediateca/ceipsanantoniobbaja,103,103,86,2025-06-30 12:44:27,
570,CER Santa Cruz de La Palma,https://www3.gobiernodecanarias.org/medusa/mediateca/cersantacruzdelapalma,0,1,86,2023-11-20 12:54:20,
571,CEIP SAN FERNANDO,https://www3.gobiernodecanarias.org/medusa/mediateca/ceipsanfernandosu,185,185,86,2025-06-20 09:52:20,
572,CEIP Eduardo Rivero Ramos,https://www3.gobiernodecanarias.org/medusa/mediateca/ceipeduardoriveroramos,46,46,86,2025-07-07 11:17:00,
573,ceipsanjosemediateca,https://www3.gobiernodecanarias.org/medusa/mediateca/ceipsanjosemediateca,216,216,86,2024-06-20 18:49:48,
574,CER PUERTO DEL ROSARIO-ANTIGUA-BETANCURIA,https://www3.gobiernodecanarias.org/medusa/mediateca/cerpuertodelrosarioantiguabetancuria,2,2,86,2024-04-23 08:47:09,
575,CEIP Cervantes,https://www3.gobiernodecanarias.org/medusa/mediateca/ceipcervantes,0,0,86,,
576,CEIP Las Salinas,https://www3.gobiernodecanarias.org/medusa/mediateca/ceiplassalinas,29,40,86,2025-04-21 15:47:43,
577,CEIP LAS MANTECAS,https://www3.gobiernodecanarias.org/medusa/mediateca/ceiplasmantecas,0,0,86,,
578,CEIP Almacigo,https://www3.gobiernodecanarias.org/medusa/mediateca/ceipalmacigo,73,78,95,2025-06-23 16:41:47,
579,MEDIATECA CEIP JUAN GRANDE,https://www3.gobiernodecanarias.org/medusa/mediateca/ceipjuangrande,1,1,86,2023-11-23 13:06:52,
580,Ceip Santa Maria del Mar,https://www3.gobiernodecanarias.org/medusa/mediateca/ceipsantamariadelmar,15,32,86,2025-06-20 07:42:14,
581,Adan del Castillo,https://www3.gobiernodecanarias.org/medusa/mediateca/ceipadandelcastillo,1344,1344,86,2025-07-12 19:53:03,
582,La voz del Verde,https://www3.gobiernodecanarias.org/medusa/mediateca/iesmenceybencomo,232,233,86,2025-06-12 10:08:14,
583,IES POETA TOMAS MORALES CASTELLANO,https://www3.gobiernodecanarias.org/medusa/mediateca/iespoetatomasmoralescastellano,5,5,86,2025-04-01 23:27:43,
584,CEIP Aurelio Emilio Acosta Fernandez,https://www3.gobiernodecanarias.org/medusa/mediateca/ceipaurelioemilioacostafernandez,0,0,86,,
585,ceipsietepalmas,https://www3.gobiernodecanarias.org/medusa/mediateca/ceipsietepalmas,70,74,89,2025-06-20 10:46:06,
586,ANGELES BERMEJO,https://www3.gobiernodecanarias.org/medusa/mediateca/ceipangelesbermejo,5,7,86,2025-01-30 10:10:14,
587,CEO Manuel de Falla,https://www3.gobiernodecanarias.org/medusa/mediateca/ceomanueldefalla,495,495,86,2025-06-27 08:44:52,
588,Agustin Espinosa mediateca,https://www3.gobiernodecanarias.org/medusa/mediateca/ceipagustinespinosa,168,169,86,2025-06-07 10:39:56,
589,CEIP AGUERE,https://www3.gobiernodecanarias.org/medusa/mediateca/ceipaguere,2,2,86,2025-04-25 07:23:51,
590,Mediateca CEIP Mayantigo,https://www3.gobiernodecanarias.org/medusa/mediateca/ceipmayantigo,5,5,86,2024-05-06 12:26:16,
591,FOTOS CEIP PARQUE NATURAL CORRALEJO,https://www3.gobiernodecanarias.org/medusa/mediateca/ceipparquenaturalcorralejo,9,9,86,2025-06-24 12:50:28,
592,IES Rafael Arozarena,https://www3.gobiernodecanarias.org/medusa/mediateca/iesrafaelarozarena,7,7,86,2025-06-13 11:57:26,
593,Ceip La Cerruda,https://www3.gobiernodecanarias.org/medusa/mediateca/ceiplacerruda,1,1,86,2025-06-11 12:52:24,
594,CEIP San Agustin,https://www3.gobiernodecanarias.org/medusa/mediateca/ceipsanagustin,127,129,86,2025-06-03 11:30:35,
595,CEIP Llanito Perera,https://www3.gobiernodecanarias.org/medusa/mediateca/ceipllanitoperera,0,0,86,,
596,CEIP Perseidas,https://www3.gobiernodecanarias.org/medusa/mediateca/ceipperseidas,0,0,86,,
597,CEIP Ansite,https://www3.gobiernodecanarias.org/medusa/mediateca/ceipansite,2,2,86,2023-12-22 12:13:10,
598,CEIP La Pasada,https://www3.gobiernodecanarias.org/medusa/mediateca/ceiplapasada,0,0,86,,
599,MEDIATECA IES SANTA BRGIDA,https://www3.gobiernodecanarias.org/medusa/mediateca/iessantabrigida,13,15,86,2025-05-28 07:45:48,
600,CEIP TIJOCO BAJO,https://www3.gobiernodecanarias.org/medusa/mediateca/ceiptijocobajo,2,3,86,2024-11-25 16:15:34,
601,CEIP Inocencio Sosa Hdez.,https://www3.gobiernodecanarias.org/medusa/mediateca/ceipinocenciososahernandez,41,41,86,2025-03-20 19:45:38,
602,BUENPASO,https://www3.gobiernodecanarias.org/medusa/mediateca/ceipbuenpasoi,0,0,86,,
603,Galicia Channel,https://www3.gobiernodecanarias.org/medusa/mediateca/ceipgalicia,0,0,86,,
604,CEIP SANTO DOMINGO LA VICTORIA DE ACENTEJO,https://www3.gobiernodecanarias.org/medusa/mediateca/ceipsantodomingo,8,8,86,2025-03-10 13:00:59,
605,CEIP LEONCIO ESTEVEZ LUIS,https://www3.gobiernodecanarias.org/medusa/mediateca/ceipleoncioestevezluis,0,0,86,,
606,IESAgaetePepeDamaso,https://www3.gobiernodecanarias.org/medusa/mediateca/iesagaetepepedamaso,66,66,87,2025-07-01 13:11:39,
607,CEIP Alcalde Rafael Cedres,https://www3.gobiernodecanarias.org/medusa/mediateca/ceipalcalderafaelcedres,204,204,86,2025-06-27 07:54:30,
608,CEIP ARCO IRIS,https://www3.gobiernodecanarias.org/medusa/mediateca/ceiparcoiris,3,3,86,2024-12-02 13:43:17,
609,CEIP Benahoare,https://www3.gobiernodecanarias.org/medusa/mediateca/ceipbenahoare,6,7,86,2024-01-16 13:37:56,
610,CEIP LA LAGUNA,https://www3.gobiernodecanarias.org/medusa/mediateca/ceiplalaguna,27,27,88,2025-05-30 17:37:43,
611,CEIP PUNTA DEL HIDALGO,https://www3.gobiernodecanarias.org/medusa/mediateca/ceippuntadelhidalgo,309,309,86,2025-06-20 12:45:52,
612,CEO TIJARAFE,https://www3.gobiernodecanarias.org/medusa/mediateca/ceotijarafe,5,5,86,2024-12-13 13:50:17,
613,CEIP San Vicente - Velhoco,https://www3.gobiernodecanarias.org/medusa/mediateca/ceipsanvicente,5,5,86,2024-02-23 11:29:04,
614,CEIP Cabo Blanco,https://www3.gobiernodecanarias.org/medusa/mediateca/ceipcaboblanco,0,0,86,,
615,CEIP LA GALGA,https://www3.gobiernodecanarias.org/medusa/mediateca/ceiplagalga,1,1,86,2024-02-07 01:14:59,
616,CEIP Santo Domingo La Palma,https://www3.gobiernodecanarias.org/medusa/mediateca/ceipsantodomingolp,690,690,61,2025-06-30 11:04:47,
617,CEIP Sagrado Corazon de Jesus,https://www3.gobiernodecanarias.org/medusa/mediateca/ceipsagradocorazondejesus,2,2,86,2024-01-23 13:23:07,
618,mediatecalos campitos,https://www3.gobiernodecanarias.org/medusa/mediateca/ceiploscampitos,118,118,86,2025-06-22 20:03:43,
619,IES JOSE ARENCIBIA GIL,https://www3.gobiernodecanarias.org/medusa/mediateca/iesjosearencibiagil,145,150,64,2025-06-30 20:07:16,
620,MEDIATECA OSCAR DOMINGUEZ,https://www3.gobiernodecanarias.org/medusa/mediateca/iestacoronteoscardominguez,7,7,86,2023-11-27 10:53:11,
621,Ceip Ciudad del Campo,https://www3.gobiernodecanarias.org/medusa/mediateca/ceipciudaddelcampo,75,75,86,2025-06-27 11:12:16,
622,CEPA San Bartolome ,https://www3.gobiernodecanarias.org/medusa/mediateca/cepasanbartolomedetirajana,1,1,86,2023-12-22 12:28:38,
623,CEIP GRAN CANARIA,https://www3.gobiernodecanarias.org/medusa/mediateca/ceipgrancanaria,261,262,87,2025-06-26 10:39:55,
624,CEIP CHIGUERGUE,https://www3.gobiernodecanarias.org/medusa/mediateca/ceipchiguergue,0,0,86,,
625,CEIP Maximiliano Gil,https://www3.gobiernodecanarias.org/medusa/mediateca/ceipmaximilianogilmelian,49,54,86,2025-06-20 21:00:25,
626,CEIP NAZARET,https://www3.gobiernodecanarias.org/medusa/mediateca/ceipnazaret,0,0,86,,
627,CEIP BAJOS Y TAGORO,https://www3.gobiernodecanarias.org/medusa/mediateca/ceipbajosytagoro,1,1,86,2024-01-17 09:38:46,
628,Las Caletas,https://www3.gobiernodecanarias.org/medusa/mediateca/ceipceciliagonzalezalayon,1,1,87,2024-02-15 11:55:56,
629,CER FUENCALIENTE MAZO,https://www3.gobiernodecanarias.org/medusa/mediateca/cerfuencalientemazo,0,0,86,,
630,CEIP Luis Alvarez Cruz,https://www3.gobiernodecanarias.org/medusa/mediateca/ceipluisalvarezcruz,9,9,86,2024-02-10 11:25:01,
631,BUENAVISTA,https://www3.gobiernodecanarias.org/medusa/mediateca/ceipbuenavista1,0,0,86,,
632,CERLANZAROTE,https://www3.gobiernodecanarias.org/medusa/mediateca/cerlanzarote,20,20,86,2025-06-20 10:03:27,
633,CEIP MATIAS LLABRES VERD,https://www3.gobiernodecanarias.org/medusa/mediateca/ceipmatiasllabresverd,1,1,86,2025-06-26 12:30:03,
634,MEDIATECA CEO TEJEDA,https://www3.gobiernodecanarias.org/medusa/mediateca/ceotejeda,25,25,86,2025-06-04 08:44:17,
635,eoiguia,https://www3.gobiernodecanarias.org/medusa/mediateca/eoisantamariadeguia,5,5,86,2023-12-22 16:22:44,
636,CIFP Virgen de Las Nieves,https://www3.gobiernodecanarias.org/medusa/mediateca/cifpvirgendelasnieves,10,17,86,2025-06-26 17:53:09,
637,CEIP LA LUZ,https://www3.gobiernodecanarias.org/medusa/mediateca/ceiplaluz,0,0,86,,
638,MEDIATEKA VSK,https://www3.gobiernodecanarias.org/medusa/mediateca/iesvalsequillo,0,0,86,,
639,San Juan Perales,https://www3.gobiernodecanarias.org/medusa/mediateca/ceipsanjuanperales,33,33,86,2024-05-26 15:31:26,
640,Mediateca - IES El Calero,https://www3.gobiernodecanarias.org/medusa/mediateca/ieselcalero,8,8,86,2025-06-20 12:58:31,
641,CEIP SAULO TORON,https://www3.gobiernodecanarias.org/medusa/mediateca/ceipsaulotoron,29,29,86,2025-03-07 15:36:26,
642,CEIP AGACHE - ESCOBONAL,https://www3.gobiernodecanarias.org/medusa/mediateca/ceipagache,8,10,86,2025-06-09 08:12:52,
643,La Mediateca del Agustin de Betancourt,https://www3.gobiernodecanarias.org/medusa/mediateca/iesagustindebetancourt,130,130,86,2025-07-21 06:49:41,
644,CEIP LAS REHOYAS,https://www3.gobiernodecanarias.org/medusa/mediateca/ceiplasrehoyas,4,4,86,2024-06-18 11:39:56,
645,CEIP GESTA 25 DE JULIO,https://www3.gobiernodecanarias.org/medusa/mediateca/ceipgesta25dejulio,36,36,86,2025-06-18 21:46:26,
646,CEIP Melchor N. T.,https://www3.gobiernodecanarias.org/medusa/mediateca/ceipmelchornuneztejera,134,168,86,2025-07-28 07:43:51,
647,CEIP Jedey,https://www3.gobiernodecanarias.org/medusa/mediateca/ceipjedey,1,1,86,2024-06-05 11:55:09,
648,IES EL PASO,https://www3.gobiernodecanarias.org/medusa/mediateca/ieselpaso,4,4,86,2024-06-30 11:53:06,
649,CEIP TODOQUE,https://www3.gobiernodecanarias.org/medusa/mediateca/ceiptodoque,0,0,86,,
650,CEIP Jose Luis Albendea y Gomez de Aranda,https://www3.gobiernodecanarias.org/medusa/mediateca/ceipjoseluisalbendeaygomezdearanda,21,21,86,2025-06-13 17:42:24,
651,EnREDando el instituto,https://www3.gobiernodecanarias.org/medusa/mediateca/iessanbartolome,98,98,86,2025-05-22 19:22:12,
652,MediatecaCIFPCesarManrique,https://www3.gobiernodecanarias.org/medusa/mediateca/cifpcesarmanrique,3,3,86,2024-11-20 22:13:20,
653,CEIP LAS DELICIAS,https://www3.gobiernodecanarias.org/medusa/mediateca/ceiplasdelicias,41,41,86,2025-06-03 21:00:10,
654,CEIP. LA MANCHA,https://www3.gobiernodecanarias.org/medusa/mediateca/ceiplamancha,4,4,86,2025-03-27 13:41:38,
655,CEO Santiago La Gomera,https://www3.gobiernodecanarias.org/medusa/mediateca/ceosantiagoapostol,37,37,86,2025-06-02 12:27:59,
656,MEDIATECA IES La Guancha-JMB,https://www3.gobiernodecanarias.org/medusa/mediateca/ieslaguancha,0,0,86,,
657,IES Serafin Pardo,https://www3.gobiernodecanarias.org/medusa/mediateca/iesserafinpardo,53,53,86,2025-06-11 07:39:18,
658,Mediateca IES Daute Los Silos,https://www3.gobiernodecanarias.org/medusa/mediateca/iesdautelossilos,14,15,86,2025-06-20 18:59:58,
659,CEPA ISORA-TENERIFE SUR,https://www3.gobiernodecanarias.org/medusa/mediateca/cepaisoratenerifesur,0,0,86,,
660,CEL de Canarias,https://www3.gobiernodecanarias.org/medusa/mediateca/celcanarias,5,6,86,2025-07-04 11:02:54,
661,CEIP LAS LEDAS,https://www3.gobiernodecanarias.org/medusa/mediateca/ceiplasledas,8,8,86,2024-08-21 12:16:33,
662,IES SAN SEBASTIAN DE LA GOMERA,https://www3.gobiernodecanarias.org/medusa/mediateca/iessansebastiandelagomera,61,61,86,2025-05-07 12:38:01,
663,CEIP LOS CASERONES MEDIATECA,https://www3.gobiernodecanarias.org/medusa/mediateca/ceiploscaserones,0,0,86,,
664,CEIPMaestroFelixSantana,https://www3.gobiernodecanarias.org/medusa/mediateca/ceipmaestrofelixsantana,57,57,86,2025-06-06 17:20:05,
665,CER GUIA DE ISORA,https://www3.gobiernodecanarias.org/medusa/mediateca/cerguiadeisora,1,1,86,2024-04-17 09:30:08,
666,CEIP AGUATONA,https://www3.gobiernodecanarias.org/medusa/mediateca/ceipaguatona,7,10,86,2025-06-27 07:50:57,
667,Mediateca CEIP Perez de Valero,https://www3.gobiernodecanarias.org/medusa/mediateca/ceipperezdevalero,3,3,86,2025-05-05 16:24:05,
668,EEI Cueva del Viento,https://www3.gobiernodecanarias.org/medusa/mediateca/eeicuevadelviento,0,0,86,,
669,IES MANUEL MARTIN GONZALEZ,https://www3.gobiernodecanarias.org/medusa/mediateca/iesmanuelmartingonzalez,0,0,86,,
670,SALVADOR MANRIQUE DE LARA,https://www3.gobiernodecanarias.org/medusa/mediateca/ceipsalvadormanriquedelara,0,0,86,,
671,CEIP Cataluña,https://www3.gobiernodecanarias.org/medusa/mediateca/ceipcataluna,26,27,87,2025-06-11 13:11:30,
672,Mediateca_IES Viera y Clavijo,https://www3.gobiernodecanarias.org/medusa/mediateca/iesvierayclavijo,1,1,86,2025-03-10 08:23:53,
673,CEIP Antonio Padron,https://www3.gobiernodecanarias.org/medusa/mediateca/ceipantoniopadron,0,0,86,,
674,CEIP Adoracion Rodriguez Alonso,https://www3.gobiernodecanarias.org/medusa/mediateca/ceipadoracionrodriguezalonso,0,0,86,,
675,IES ALONSO PEREZ DIAZ,https://www3.gobiernodecanarias.org/medusa/mediateca/iesalonsoperezdiaz,17,19,86,2025-06-26 07:35:07,
676,CEIP TITERROY,https://www3.gobiernodecanarias.org/medusa/mediateca/ceiptiterroy,33,33,86,2025-03-27 11:08:20,
677,CEIP LAS INDIAS - FUENCALIENTE,https://www3.gobiernodecanarias.org/medusa/mediateca/ceiplasindias,0,0,86,,
678,CSMC,https://www3.gobiernodecanarias.org/medusa/mediateca/csmcanariassedetenerife,0,0,86,,
679,CER GALDAR-GUIA--AGAETE,https://www3.gobiernodecanarias.org/medusa/mediateca/cergaldarguia,1,1,86,2024-05-23 07:41:27,
680,CEPA Telde- La Herradura,https://www3.gobiernodecanarias.org/medusa/mediateca/cepateldelaherradura,4,4,86,2024-06-14 19:40:06,
681,IES El Mayorazgo,https://www3.gobiernodecanarias.org/medusa/mediateca/ieselmayorazgo,35,36,1,2025-05-20 05:34:01,
682,CEIP Julio Delgado Delgado,https://www3.gobiernodecanarias.org/medusa/mediateca/ceipjuliodelgadodelgado,7,7,86,2025-05-03 17:49:41,
683,CEIP San Isidro Galdar,https://www3.gobiernodecanarias.org/medusa/mediateca/ceipsanisidrogaldar,0,0,86,,
684,CEO JUAN XXIII,https://www3.gobiernodecanarias.org/medusa/mediateca/ceojuanxxiii,58,58,91,2025-06-10 10:50:48,
685,RESIDENCIA ESCOLAR JARRA CANARIA,https://www3.gobiernodecanarias.org/medusa/mediateca/rejarracanaria,16,16,91,2025-05-16 12:44:26,
686,Alcaravan,https://www3.gobiernodecanarias.org/medusa/mediateca/ceipalcaravaneras,13,13,86,2024-11-22 12:00:33,
687,Millares Sall,https://www3.gobiernodecanarias.org/medusa/mediateca/iesagustinmillaressall,0,0,86,,
688,MEDIATECA CER TELDE-VALSEQUILLO,https://www3.gobiernodecanarias.org/medusa/mediateca/certelde,1,1,86,2024-04-15 16:27:04,
689,EOEP ISORA,https://www3.gobiernodecanarias.org/medusa/mediateca/eoepisora,0,0,86,,
690,CEIP LAJARES,https://www3.gobiernodecanarias.org/medusa/mediateca/ceiplajares,0,0,86,,
691,CEIP La Cuesta -38010396-,https://www3.gobiernodecanarias.org/medusa/mediateca/ceiplacuesta,1,1,86,2024-11-15 11:44:56,
692,CEE Adeje,https://www3.gobiernodecanarias.org/medusa/mediateca/ceeeadeje,60,60,86,2025-06-12 11:12:53,
693,CEIP Gran Tarajal,https://www3.gobiernodecanarias.org/medusa/mediateca/ceipgrantarajal,3,4,86,2025-04-01 13:57:38,
694,CEIP Montes de Luna,https://www3.gobiernodecanarias.org/medusa/mediateca/ceipmontesdeluna,0,0,86,,
695,CEPA LAS PALMAS CONO SUR,https://www3.gobiernodecanarias.org/medusa/mediateca/cepalaspalmasconosur,26,41,86,2025-07-02 10:22:40,
696,CEIP Aguamansa,https://www3.gobiernodecanarias.org/medusa/mediateca/ceipaguamansa,6,6,86,2025-05-26 12:41:10,
697,IES LA VEGA DE SAN JOSE,https://www3.gobiernodecanarias.org/medusa/mediateca/ieslavegadesanjose,3,3,86,2025-06-13 08:51:50,
698,Servicio de Inclusión,https://www3.gobiernodecanarias.org/medusa/mediateca/inclusion,17,35,86,2024-07-22 11:21:53,
699,MEDIATECA DEL IES CANARIAS,https://www3.gobiernodecanarias.org/medusa/mediateca/iescanarias,0,0,86,,
700,MEDIATECAlcorac,https://www3.gobiernodecanarias.org/medusa/mediateca/ceipbateriadejuan,1,1,86,2024-05-28 18:29:48,
701,CEIP Maria Milagros Acosta Garcia,https://www3.gobiernodecanarias.org/medusa/mediateca/ceipmariamilagrosacostagarcia,23,23,91,2025-05-26 09:36:49,
702,MEDIATECA CEIP AREGUME,https://www3.gobiernodecanarias.org/medusa/mediateca/ceiparegume,13,13,86,2025-05-15 09:59:02,
703,CEIP RUIZ DE PADRON,https://www3.gobiernodecanarias.org/medusa/mediateca/ceipruizdepadron,47,47,86,2025-06-23 19:19:35,
704,Mediateca EOI Los Llanos,https://www3.gobiernodecanarias.org/medusa/mediateca/eoilosllanosdearidane,2,2,86,2024-06-30 09:39:39,
705,CER Tuineje-Pajara,https://www3.gobiernodecanarias.org/medusa/mediateca/certuinejepajara,1,1,86,2024-06-28 09:18:36,
706,eoisantacruzdelapalma,https://www3.gobiernodecanarias.org/medusa/mediateca/eoisantacruzdelapalma,0,0,86,,
707,IES Nicolas Estevez Borges ,https://www3.gobiernodecanarias.org/medusa/mediateca/iesnicolasestevezborges,142,151,86,2025-06-24 18:12:47,
708,Transición Educativa del Servicio de Ordenación,https://www3.gobiernodecanarias.org/medusa/mediateca/transicioneducativa,68,68,86,2025-03-13 12:00:49,
709,csmc,https://www3.gobiernodecanarias.org/medusa/mediateca/csmcanariassedegrancanaria,5,5,86,2024-09-09 07:35:33,
710,EL VIGIA,https://www3.gobiernodecanarias.org/medusa/mediateca/ieslaisleta,2,2,87,2024-10-21 16:42:24,
711,Mediateca CEIP La Corujera,https://www3.gobiernodecanarias.org/medusa/mediateca/ceiplacorujera,0,0,86,,
712,CEPA SAN CRISTOBAL,https://www3.gobiernodecanarias.org/medusa/mediateca/cepasancristobal,12,12,86,2025-07-31 23:01:19,
713,CEIP Isora,https://www3.gobiernodecanarias.org/medusa/mediateca/ceipisora,0,0,86,,
714,CEIP San Andres TF,https://www3.gobiernodecanarias.org/medusa/mediateca/ceipsanandrestf,0,0,86,,
715,IES Las Galletas,https://www3.gobiernodecanarias.org/medusa/mediateca/ieslasgalletas,0,0,86,,
716,CEIP ALFONSO SPINOLA,https://www3.gobiernodecanarias.org/medusa/mediateca/ceipalfonsospinola,0,0,86,,
717,CEIP Puerto Cabras,https://www3.gobiernodecanarias.org/medusa/mediateca/ceippuertocabras,14,14,86,2025-03-01 21:55:21,
718,Giner,https://www3.gobiernodecanarias.org/medusa/mediateca/ceipginerdelosrios,27,28,86,2025-06-24 21:26:57,
719,RADIO IES INGENIO,https://www3.gobiernodecanarias.org/medusa/mediateca/iesingenio,8,8,87,2025-06-05 12:10:41,
720,CEO EL CARDON,https://www3.gobiernodecanarias.org/medusa/mediateca/ceoelcardon,0,0,86,,
721,CEIP ELVIRA VAQUERO,https://www3.gobiernodecanarias.org/medusa/mediateca/ceipvalsequillo,13,13,86,2025-06-19 14:51:09,
722,CEIP CHIGORA,https://www3.gobiernodecanarias.org/medusa/mediateca/ceipchigora,0,0,86,,
723,Mediateca del IES San Benito,https://www3.gobiernodecanarias.org/medusa/mediateca/iessanbenito,5,7,86,2025-05-23 09:44:08,
724,CEIP El Ciervo,https://www3.gobiernodecanarias.org/medusa/mediateca/ceipelciervo,15,15,86,2025-07-30 15:02:39,
725,CEIP CHIRCHE,https://www3.gobiernodecanarias.org/medusa/mediateca/ceipchirche,0,0,86,,
726,IES Cesar Manrique,https://www3.gobiernodecanarias.org/medusa/mediateca/iescesarmanrique,0,0,86,,
727,REE San Miguel de la Palma,https://www3.gobiernodecanarias.org/medusa/mediateca/resanmigueldelapalma,0,0,86,,
728,IES ARICO,https://www3.gobiernodecanarias.org/medusa/mediateca/iesarico,69,69,87,2025-07-11 13:27:03,
729,CER Valle de Aridane,https://www3.gobiernodecanarias.org/medusa/mediateca/cervalledearidane,6,6,87,2024-12-02 17:56:54,
730,MEDIATECA CEIP SANTO TOMAS DE AQUINO,https://www3.gobiernodecanarias.org/medusa/mediateca/ceipsantotomasdeaquino,20,20,86,2025-07-21 10:00:27,
731,MEDIATECA R. E. SAN JOSE,https://www3.gobiernodecanarias.org/medusa/mediateca/resanjose,0,0,87,,
732,CEIP Poeta Fernando Gonzalez,https://www3.gobiernodecanarias.org/medusa/mediateca/ceippoetafernandogonzalez,13,13,86,2025-05-31 09:57:44,
733,Innovación Educativa,https://www3.gobiernodecanarias.org/medusa/mediateca/innovacioneducativa,116,238,91,2025-07-22 10:09:28,
734,FSMediateca,https://www3.gobiernodecanarias.org/medusa/mediateca/ceipfranciscasantosmelian,1,1,86,2025-02-04 13:20:18,
735,MEDIATECA CEPA ACENTEJO-TACORONTE,https://www3.gobiernodecanarias.org/medusa/mediateca/cepaacentejotacoronte,0,0,86,,
736,IES ADEJE,https://www3.gobiernodecanarias.org/medusa/mediateca/iesadeje,1,1,86,2025-02-11 09:40:35,
737,Cambreteca,https://www3.gobiernodecanarias.org/medusa/mediateca/ceipnandacambres,55,55,86,2025-06-28 15:36:35,
738,Mediateca Nereida,https://www3.gobiernodecanarias.org/medusa/mediateca/ceonereidadiazabreu,6,6,86,2025-03-10 12:44:14,
739,CEO Montaña Roja,https://www3.gobiernodecanarias.org/medusa/mediateca/ceomontanaroja,140,212,86,2025-06-30 21:24:18,
740,iestinajo,https://www3.gobiernodecanarias.org/medusa/mediateca/iestinajo,1,2,86,2025-02-02 12:51:50,
741,CEIP Fernando Guanarteme,https://www3.gobiernodecanarias.org/medusa/mediateca/ceipfernandoguanartemegaldar,0,0,86,,
742,San Diego de Alcala,https://www3.gobiernodecanarias.org/medusa/mediateca/iessandiegodealcala,36,36,86,2025-02-26 11:51:28,
743,CEIP La Verdellada,https://www3.gobiernodecanarias.org/medusa/mediateca/ceiplaverdellada,0,0,86,,
744,IES LA OROTAVA-MGP MEDIATECA,https://www3.gobiernodecanarias.org/medusa/mediateca/ieslaorotavamanuelgonzalezperez,0,0,86,,
745,CEIP AGUADULCE,https://www3.gobiernodecanarias.org/medusa/mediateca/ceipaguadulce,0,0,86,,
746,MEDIATECA CEIP NARCISO BRITO,https://www3.gobiernodecanarias.org/medusa/mediateca/ceipnarcisobrito,0,0,86,,
747,CEIP JOSE TEJERA SANTANA,https://www3.gobiernodecanarias.org/medusa/mediateca/ceipjosetejerasantana,0,0,86,,
748,CEIP BARRANCO DE BALOS 2,https://www3.gobiernodecanarias.org/medusa/mediateca/www3-2,72,97,86,2025-02-17 13:35:14,
749,CEIP Balos - Domingo Socorro,https://www3.gobiernodecanarias.org/medusa/mediateca/ceipbalosdomingosocorro,85,110,86,2025-06-25 00:04:42,
750,mediatecaCIFPMajadaMarcial,https://www3.gobiernodecanarias.org/medusa/mediateca/cifpmajadamarcial,30,33,90,2025-07-20 10:24:23,
751,iestegueste,https://www3.gobiernodecanarias.org/medusa/mediateca/iestegueste,0,0,86,,
752,CEIP LA JURADA,https://www3.gobiernodecanarias.org/medusa/mediateca/ceiplajurada,5,5,86,2025-03-21 12:11:32,
753,CEIP COSTA TEGUISE,https://www3.gobiernodecanarias.org/medusa/mediateca/ceipcostateguise,72,72,86,2025-07-07 12:25:01,
754,Mediateca IES Joaquin Artiles,https://www3.gobiernodecanarias.org/medusa/mediateca/iesjoaquinartiles,8,8,86,2025-04-30 11:00:50,
755,Antena_Jablillo,https://www3.gobiernodecanarias.org/medusa/mediateca/iescostateguise,1,1,86,2025-03-10 19:29:32,
756,MEDIATECA-IESHARIA,https://www3.gobiernodecanarias.org/medusa/mediateca/iesharia,0,0,86,,
757,Área de Fomento de la Competencia Matemática,https://www3.gobiernodecanarias.org/medusa/mediateca/competenciamatematica,3,3,86,2025-03-13 14:06:02,
758,IES La Oliva,https://www3.gobiernodecanarias.org/medusa/mediateca/ieslaoliva,2,2,86,2025-03-05 15:23:30,
759,CEIP ADEJE,https://www3.gobiernodecanarias.org/medusa/mediateca/ceipadeje,63,63,86,2025-06-26 09:07:12,
760,IES Lomo de La Herradura,https://www3.gobiernodecanarias.org/medusa/mediateca/ieslomodelaherradura,1,1,86,2025-03-07 15:25:16,
761,CEIP Manuel Balbuena Pedraza,https://www3.gobiernodecanarias.org/medusa/mediateca/ceipmanuelbalbuenapedraza,18,19,86,2025-06-23 22:00:08,
762,EA Fuerteventura,https://www3.gobiernodecanarias.org/medusa/mediateca/eafuerteventura,1,1,87,2025-04-11 10:33:43,
763,IES_Anaga,https://www3.gobiernodecanarias.org/medusa/mediateca/iesanaga,3,3,86,2025-06-16 13:24:52,
764,CEIPELCHAPATALMEDIATECA,https://www3.gobiernodecanarias.org/medusa/mediateca/ceipelchapatal,0,0,86,,
765,CEIP Ravelo,https://www3.gobiernodecanarias.org/medusa/mediateca/ceipravelo,155,157,86,2025-06-27 10:57:02,
766,La voz de La lechuza,https://www3.gobiernodecanarias.org/medusa/mediateca/ceiplalechuza,1,1,86,2025-04-05 17:19:53,
767,CEIP San Luis Gonzaga,https://www3.gobiernodecanarias.org/medusa/mediateca/ceipsanluisgonzaga,0,0,86,,
768,CEIP Tindaya,https://www3.gobiernodecanarias.org/medusa/mediateca/ceiptindaya,2,2,86,2025-04-09 12:05:05,
769,Residencia escolar Hermano Pedro,https://www3.gobiernodecanarias.org/medusa/mediateca/rehermanopedro,0,0,86,,
770,Gladioteca,https://www3.gobiernodecanarias.org/medusa/mediateca/cifplosgladiolos,4,4,86,2025-06-30 18:13:48,
771,Ceip Las Lagunetas,https://www3.gobiernodecanarias.org/medusa/mediateca/ceiplaslagunetas,2,2,86,2025-05-13 20:49:29,
772,IES SANTA URSULA,https://www3.gobiernodecanarias.org/medusa/mediateca/iessantaursula,0,0,86,,
773,CER SANTA BRGIDA - SAN MATEO,https://www3.gobiernodecanarias.org/medusa/mediateca/cersantabrigidasanmateo,5,5,86,2025-05-04 23:47:10,
774,MEDIATECA CEO OMAYRA SANCHEZ,https://www3.gobiernodecanarias.org/medusa/mediateca/ceoomayrasanchez,0,0,86,,
775,Mediateca Agulo,https://www3.gobiernodecanarias.org/medusa/mediateca/ceipaureamirandagonzalez,4,4,86,2025-05-06 12:50:55,
776,CEIP UTIACA,https://www3.gobiernodecanarias.org/medusa/mediateca/ceiputiaca,0,0,86,,
777,CEIP LA SOLANA,https://www3.gobiernodecanarias.org/medusa/mediateca/ceiplasolana,0,0,86,,
778,CER La Gomera,https://www3.gobiernodecanarias.org/medusa/mediateca/cerlagomera,0,0,86,,
779,CEIP ARINEZ,https://www3.gobiernodecanarias.org/medusa/mediateca/ceiparinez,1,1,86,2025-06-05 11:42:44,
780,IES BUENAVISTA,https://www3.gobiernodecanarias.org/medusa/mediateca/iesbuenavista,4,4,86,2025-07-01 01:15:42,
781,IES GUILLERMINA BRITO,https://www3.gobiernodecanarias.org/medusa/mediateca/iesguillerminabrito,0,0,86,,
782,CEIP Teobaldo Power Las Palmas,https://www3.gobiernodecanarias.org/medusa/mediateca/ceipteobaldopowerlaspalmas,0,0,87,,
783,CEE en Icod de los Vinos,https://www3.gobiernodecanarias.org/medusa/mediateca/ceeenicoddelosvinos,1,1,86,2025-06-12 12:05:26,
784,CEIP Santo Domingo,https://www3.gobiernodecanarias.org/medusa/mediateca/ceipsantodomingocer,1,1,86,2025-06-26 10:01:37,
