numero,nombre,url,attachment_root_items,attachment_items,media_category_terms,error
2,Canal del Área de Tecnología Educativa,https://www3.gobiernodecanarias.org/medusa/mediateca/ecoescuela,5138,8152,249,
3,Pruebas CAU_CE,https://www3.gobiernodecanarias.org/medusa/mediateca/pruebas,65,149,11,
4,Publicaciones de la Consejería,https://www3.gobiernodecanarias.org/medusa/mediateca/publicaciones,1631,2442,345,
5,Canal del Servicio de Perfeccionamiento del Profesorado,https://www3.gobiernodecanarias.org/medusa/mediateca/perfeccionamiento,1477,2972,155,
6,Canal del IES Geneto,https://www3.gobiernodecanarias.org/medusa/mediateca/iesgeneto,310,357,88,
7,Canal del Programa Infancia,https://www3.gobiernodecanarias.org/medusa/mediateca/infancia,46,117,86,
8,Canal de Educación Ámbiental y Sostenibilidad,https://www3.gobiernodecanarias.org/medusa/mediateca/eas,138,193,92,
9,Canal del CEP Norte de Tenerife,https://www3.gobiernodecanarias.org/medusa/mediateca/cprofesnortedetenerife,112,196,89,
10,Canal del CEP Gran Tarajal,https://www3.gobiernodecanarias.org/medusa/mediateca/cprofesgrantarajal,3,6,87,
11,Canal del centro ADELA,https://www3.gobiernodecanarias.org/medusa/mediateca/ceipadelasantana,3,3,86,
12,Oficina Medusa,https://www3.gobiernodecanarias.org/medusa/mediateca/otrosoficinamedusadetenerife,1,3,86,
13,Canal de la Red Canaria de Centros para la Participación Educativa ,https://www3.gobiernodecanarias.org/medusa/mediateca/rccpe,0,0,86,
14,Canal de la Red Canaria de Escuelas Solidarias,https://www3.gobiernodecanarias.org/medusa/mediateca/rces,0,0,87,
15,CEP LANZAROTE,https://www3.gobiernodecanarias.org/medusa/mediateca/cprofeslanzarote,3,6,86,
16,CEPGCSUR,https://www3.gobiernodecanarias.org/medusa/mediateca/cprofesgrancanariasur,124,224,94,
17,Canal de EVAGD,https://www3.gobiernodecanarias.org/medusa/mediateca/evagd,161,352,88,
18,Canal Mediateca CEIP Ofra Vistabella,https://www3.gobiernodecanarias.org/medusa/mediateca/ceipofravistabella,3,3,87,
19,Canal de Informat,https://www3.gobiernodecanarias.org/medusa/mediateca/informat,6,6,86,
20,CAU_CE,https://www3.gobiernodecanarias.org/medusa/mediateca/cau_ce,6,11,86,
21,IES. San Juan de la Rambla TV ,https://www3.gobiernodecanarias.org/medusa/mediateca/iessanjuandelarambla,1,1,86,
22,cifp las indias,https://www3.gobiernodecanarias.org/medusa/mediateca/cifplasindias,14,31,86,
23,CEP La Laguna,https://www3.gobiernodecanarias.org/medusa/mediateca/cprofeslalaguna,36,54,86,
24,Congreso TIC TSP 2015,https://www3.gobiernodecanarias.org/medusa/mediateca/congresotic2015,35,92,86,
25,CEIP Profesor Carlos Socas Muñoz,https://www3.gobiernodecanarias.org/medusa/mediateca/ceipprofesorcarlossocasmunoz,274,445,86,
26,CEP Tenerife Sur,https://www3.gobiernodecanarias.org/medusa/mediateca/cprofestenerifesur,374,469,87,
27,Canal para la acreditación de mediación,https://www3.gobiernodecanarias.org/medusa/mediateca/mediacion,94,185,4,
28,CEP LAS PALMAS DE GC,https://www3.gobiernodecanarias.org/medusa/mediateca/cprofeslaspalmasdegrancanaria,93,152,87,
29,CEIP La Paredilla,https://www3.gobiernodecanarias.org/medusa/mediateca/ceiplaparedilla,160,266,87,
30,Canal de Familias Profesionales,https://www3.gobiernodecanarias.org/medusa/mediateca/familiasprofesionales,2,3,86,
31,Canal de Convivencia Escolar,https://www3.gobiernodecanarias.org/medusa/mediateca/convivenciapositiva,2,4,86,
32,Sociedad Isaac Newton,https://www3.gobiernodecanarias.org/medusa/mediateca/sinewton,44,81,86,
33,Cep Puerto del Rosario,https://www3.gobiernodecanarias.org/medusa/mediateca/cprofespuertodelrosario,3,3,86,
34,Canal de CEIP Casa Pastores,https://www3.gobiernodecanarias.org/medusa/mediateca/ceipcasapastores,423,484,86,
35,CEIP Los Dragos,https://www3.gobiernodecanarias.org/medusa/mediateca/ceiplosdragos,31,31,86,
36,IES Güimar,https://www3.gobiernodecanarias.org/medusa/mediateca/iesguimar,182,356,86,
37,CEIP HOYA ANDREA,https://www3.gobiernodecanarias.org/medusa/mediateca/ceiphoyaandrea,345,753,86,
38,CEIP SANTA ÚRSULA,https://www3.gobiernodecanarias.org/medusa/mediateca/ceipsantaursula,26,26,86,
39,Canal del IES Andrés Bello,https://www3.gobiernodecanarias.org/medusa/mediateca/iesandresbello,86,87,2,
40,Mediateca CEIP Monseñor Socorro Lantigua,https://www3.gobiernodecanarias.org/medusa/mediateca/ceipmonsenorsocorrolantigua,191,245,86,
41,Mediateca IES El Rincón,https://www3.gobiernodecanarias.org/medusa/mediateca/ieselrincon,57,114,87,
42,CEP Santa Cruz de Tenerife,https://www3.gobiernodecanarias.org/medusa/mediateca/cprofessantacruzdetenerife,14,14,88,
43,Lenguas Extranjeras,https://www3.gobiernodecanarias.org/medusa/mediateca/lenguas_extranjeras,5,10,86,
44,Canal de Formación Profesional,https://www3.gobiernodecanarias.org/medusa/mediateca/formacionprofesional,26,48,86,
45,Canal ENLAZA,https://www3.gobiernodecanarias.org/medusa/mediateca/enlaza,1,2,86,
46,Canal Oficina de Programas Europeos de Canarias,https://www3.gobiernodecanarias.org/medusa/mediateca/opeec,0,0,86,
47,Canal de apoyo para las SSAA,https://www3.gobiernodecanarias.org/medusa/mediateca/uupp,3,9,86,
48,Programa Tránsito del Servicio de Innovación Educativa,https://www3.gobiernodecanarias.org/medusa/mediateca/transito,30,52,86,
49,Canal del IES Luis Cobiella Cuevas,https://www3.gobiernodecanarias.org/medusa/mediateca/iesluiscobiellacuevas,100,102,89,
50,Canal IES Villa de Mazo,https://www3.gobiernodecanarias.org/medusa/mediateca/iesvillademazo,556,718,86,
51,Canal del CEIP San Miguel,https://www3.gobiernodecanarias.org/medusa/mediateca/ceipsanmiguel,0,0,86,
52,Canal Educación de Personas Adultas,https://www3.gobiernodecanarias.org/medusa/mediateca/epa,32,44,92,
53,Canal del CEIP Tinguaro,https://www3.gobiernodecanarias.org/medusa/mediateca/ceiptinguaro,24,43,86,
54,Canal del CEIP Camino Largo,https://www3.gobiernodecanarias.org/medusa/mediateca/ceipcaminolargo,22,22,86,
55,Canal del Área de vocaciones científicas y creatividad,https://www3.gobiernodecanarias.org/medusa/mediateca/steam,376,384,86,
56,Canal del CEIP Santidad,https://www3.gobiernodecanarias.org/medusa/mediateca/ceipsantidad,1233,1420,86,
57,Canal del CEIP Tagoror,https://www3.gobiernodecanarias.org/medusa/mediateca/ceiptagoror,318,508,86,
58,Canal del IES María Belén Morales Gómez,https://www3.gobiernodecanarias.org/medusa/mediateca/iesmariabelenmoralesgomez,94,162,86,
59,"Canal del Área de Patrimonio Natural, Social y Cultural Canario",https://www3.gobiernodecanarias.org/medusa/mediateca/ensenas,754,1312,111,
60,Canal del Área de Comunicación,https://www3.gobiernodecanarias.org/medusa/mediateca/comunicacion,114,217,86,
61,Mediateca IES EL GALEÓN,https://www3.gobiernodecanarias.org/medusa/mediateca/iesadeje2,189,219,86,
62,CEIP JOSÉ PÉREZ Y PÉREZ,https://www3.gobiernodecanarias.org/medusa/mediateca/ceipjoseperezyperez,493,519,86,
63,MediatecaMagallanes,https://www3.gobiernodecanarias.org/medusa/mediateca/iesmagallanes,171,265,86,
64,CEIP PÉREZ ZAMORA,https://www3.gobiernodecanarias.org/medusa/mediateca/ceipperezzamora,71,71,86,
65,CEIPVEINTEDEENERO,https://www3.gobiernodecanarias.org/medusa/mediateca/ceipveintedeenero,30,45,87,
66,Amurga,https://www3.gobiernodecanarias.org/medusa/mediateca/iesamurga,0,0,86,
67,CEPGCNOROESTE,https://www3.gobiernodecanarias.org/medusa/mediateca/cprofesgrancanarianoroeste,393,507,92,
68,IES GRAN CANARIA,https://www3.gobiernodecanarias.org/medusa/mediateca/iesgrancanaria,1,1,86,
69,CEIP Fernando Guanarteme,https://www3.gobiernodecanarias.org/medusa/mediateca/ceipfernandoguanarteme,93,128,86,
70,IES El Sobradillo,https://www3.gobiernodecanarias.org/medusa/mediateca/ieselsobradillo,60,95,86,
71,IES Santiago Santana Díaz,https://www3.gobiernodecanarias.org/medusa/mediateca/iessantiagosantanadiaz,56,64,86,
72,canal del Barranco,https://www3.gobiernodecanarias.org/medusa/mediateca/ceipbarrancodelastorres,52,68,86,
73,Ceip Los Quintana ,https://www3.gobiernodecanarias.org/medusa/mediateca/ceiplosquintana,166,166,86,
74,CEIP PEPE MONAGAS,https://www3.gobiernodecanarias.org/medusa/mediateca/ceippepemonagas,72,101,86,
75,CEIP Príncipe Felipe,https://www3.gobiernodecanarias.org/medusa/mediateca/ceipprincipefelipe,548,809,86,
76,CEIP Orobal,https://www3.gobiernodecanarias.org/medusa/mediateca/ceiporobal,1,1,0,
77,CEIP ALISIOS,https://www3.gobiernodecanarias.org/medusa/mediateca/ceipalisios,52,52,86,
78,MEDIATECA CEIP EL CANARIO,https://www3.gobiernodecanarias.org/medusa/mediateca/ceipelcanario,524,618,86,
79,CEIP MIRAFLOR,https://www3.gobiernodecanarias.org/medusa/mediateca/ceipmiraflor,24,31,86,
80,MEDIATECA_IESTEROR,https://www3.gobiernodecanarias.org/medusa/mediateca/iesteror,243,279,86,
81,CeipPoetaTomásMoralesCarrizal,https://www3.gobiernodecanarias.org/medusa/mediateca/ceippoetatomasmorales,201,218,87,
82,CEAD S/C TENERIFE MERCEDES PINTO,https://www3.gobiernodecanarias.org/medusa/mediateca/ceadsantacruzdetenerifemercedespinto,42,57,88,
83,E-Mocán,https://www3.gobiernodecanarias.org/medusa/mediateca/iesarguineguin,60,60,86,
84,MediatecaJoséMelián,https://www3.gobiernodecanarias.org/medusa/mediateca/eeijosemelianrodriguez,19,24,86,
85,CEIP HUERTAS DEL PALMAR,https://www3.gobiernodecanarias.org/medusa/mediateca/ceiphuertasdelpalmar,86,96,86,
86,CEIP AYATIMAS,https://www3.gobiernodecanarias.org/medusa/mediateca/ceipayatimas,61,89,86,
87,CEIP San Isidro,https://www3.gobiernodecanarias.org/medusa/mediateca/ceipsanisidro,40,40,86,
88,CEPA La Guancha,https://www3.gobiernodecanarias.org/medusa/mediateca/cepalaguancha,8,17,86,
89,MEDIATECA CEIP EL DRAGUILLO,https://www3.gobiernodecanarias.org/medusa/mediateca/ceipeldraguillo,203,263,86,
90,Escuelas Oficiales de Idiomas de Canarias,https://www3.gobiernodecanarias.org/medusa/mediateca/aeoiadistanciadecanarias,0,0,86,
91,Mediateca CEIP Aneja,https://www3.gobiernodecanarias.org/medusa/mediateca/ceippracticasaneja,233,274,86,
92,Mediateca del CEIP en ARUCAS,https://www3.gobiernodecanarias.org/medusa/mediateca/ceipenarucas,44,61,86,
93,CEIP Camino de la Villa,https://www3.gobiernodecanarias.org/medusa/mediateca/ceipcaminodelavilla,96,117,87,
94,Canal de PROIDEAC,https://www3.gobiernodecanarias.org/medusa/mediateca/proideac,25,50,87,
95,CEIP Luis Cortí,https://www3.gobiernodecanarias.org/medusa/mediateca/ceipluiscorti,132,156,86,
96,MediatecaJulianZafra,https://www3.gobiernodecanarias.org/medusa/mediateca/ceipjulianzaframoreno,356,386,86,
97,MEDIATECA CEIP MARÍA MUÑOZ MAYOR,https://www3.gobiernodecanarias.org/medusa/mediateca/ceipmariamunozmayor,122,122,90,
98,CEIP JUAN ARENCIBIA SOSA ,https://www3.gobiernodecanarias.org/medusa/mediateca/ceipjuanarencibiasosa,4208,4395,90,
99,Mediateca CEO Tunte,https://www3.gobiernodecanarias.org/medusa/mediateca/ceotunte,212,274,87,
100,IES_Tablero_I,https://www3.gobiernodecanarias.org/medusa/mediateca/iestableroiaguanac,97,106,86,
101,MEDIATECA CEIP TAGOJA,https://www3.gobiernodecanarias.org/medusa/mediateca/ceiptagoja,15,15,86,
102,mediateca miranda,https://www3.gobiernodecanarias.org/medusa/mediateca/ceipmiranda,49,49,86,
103,CEIP Las Retamas,https://www3.gobiernodecanarias.org/medusa/mediateca/ceiplasretamas,36,36,86,
104,CEIP CHANO SÁNCHEZ,https://www3.gobiernodecanarias.org/medusa/mediateca/ceipchanosanchez,164,164,86,
105,LAS LAJAS FM,https://www3.gobiernodecanarias.org/medusa/mediateca/iesbarrancodelaslajas,32,32,86,
106,Canal CEO Rey Juan Carlos I,https://www3.gobiernodecanarias.org/medusa/mediateca/ceoreyjuancarlosi,137,142,86,
107,IES GUIA,https://www3.gobiernodecanarias.org/medusa/mediateca/iesguia,108,121,86,
108,IES TAMOGANTE,https://www3.gobiernodecanarias.org/medusa/mediateca/iestamogante,114,114,90,
109,CEIP LA VIÑUELA: NUESTRAS COSITAS,https://www3.gobiernodecanarias.org/medusa/mediateca/ceiplavinuela,0,0,86,
110,MediatecaeZerpa,https://www3.gobiernodecanarias.org/medusa/mediateca/iesjosezerpa,78,81,10,
111,CEIPARB,https://www3.gobiernodecanarias.org/medusa/mediateca/ceipalcalderamirezbethencourt,34,55,88,
112,CEIP La Cardonera fotos,https://www3.gobiernodecanarias.org/medusa/mediateca/ceiplacardonera,453,457,119,
113,Mediateca IES Josefina de la Torre,https://www3.gobiernodecanarias.org/medusa/mediateca/iesjosefinadelatorre,0,0,0,file_not_found:Local XML file not found for 'https://www3.gobiernodecanarias.org/medusa/mediateca/iesjosefinadelatorre' in 'exports'
114,IES LA ALDEA,https://www3.gobiernodecanarias.org/medusa/mediateca/ieslaaldeadesannicolas,412,646,86,
115,CeipLasVegas,https://www3.gobiernodecanarias.org/medusa/mediateca/ceiplasvegas,13,16,86,
116,Mediateca CEIP La Zafra,https://www3.gobiernodecanarias.org/medusa/mediateca/ceiplazafra,7,12,86,
117,Mediateca CEE MARENTE,https://www3.gobiernodecanarias.org/medusa/mediateca/ceeemarente,2,4,86,
118,Radio Pulido,https://www3.gobiernodecanarias.org/medusa/mediateca/iesjosemariaperezpulido,186,197,86,
119,CEIP Piedra Molino,https://www3.gobiernodecanarias.org/medusa/mediateca/ceippiedrademolino,7,7,86,
120,CEIP Saucillo,https://www3.gobiernodecanarias.org/medusa/mediateca/ceipsaucillo,40,43,86,
121,CEP Telde,https://www3.gobiernodecanarias.org/medusa/mediateca/cprofestelde,90,138,90,
122,Mediateca CEPA Puerto de la Cruz,https://www3.gobiernodecanarias.org/medusa/mediateca/cepapuertodelacruz,16,21,86,
123,Canal del CEIP Carreteria,https://www3.gobiernodecanarias.org/medusa/mediateca/ceipcarreteria,164,196,86,
124,ESCUELA DE ARTE MANOLO BLAHNIK,https://www3.gobiernodecanarias.org/medusa/mediateca/eamanoloblahnik,8,8,86,
125,CEIP ISAAC DE VEGA,https://www3.gobiernodecanarias.org/medusa/mediateca/ceipisaacdevega,62,74,12,
126,Mediateca IES Roque Amagro,https://www3.gobiernodecanarias.org/medusa/mediateca/iesroqueamagro,213,233,86,
127,CEIP Villa de Firgas,https://www3.gobiernodecanarias.org/medusa/mediateca/ceipvilladefirgas,117,123,86,
128,CEIP TESEJERAGUE MEDIATECA,https://www3.gobiernodecanarias.org/medusa/mediateca/ceiptesejerague,88,88,86,
129,Mediateca IES Arucas Domingo Rivero,https://www3.gobiernodecanarias.org/medusa/mediateca/iesarucasdomingorivero,46,58,86,
130,CEIP TRAPICHE,https://www3.gobiernodecanarias.org/medusa/mediateca/ceipeltrapiche,86,119,86,
131,Servicio de Actividades Complementarias y Extraescolares,https://www3.gobiernodecanarias.org/medusa/mediateca/servicioactividadescomplementarias,0,0,86,
132,Martín Miranda Radio,https://www3.gobiernodecanarias.org/medusa/mediateca/iesprofesormartinmiranda,3566,3567,87,
133,IES Villa de Firgas,https://www3.gobiernodecanarias.org/medusa/mediateca/iesvilladefirgas,128,234,86,
134,MEDIATECA del CEIP DOCTOR GREGORIO CHIL,https://www3.gobiernodecanarias.org/medusa/mediateca/ceipdoctorgregoriochilynaranjo,23,24,86,
135,Mediateca La Rosa,https://www3.gobiernodecanarias.org/medusa/mediateca/ceiplarosacaminoviejo,1872,1877,86,
136,MEDIATECA EASD GRAN CANARIA,https://www3.gobiernodecanarias.org/medusa/mediateca/easdgrancanaria,2,4,86,
137,Mediateca del IES Santa María de Guía,https://www3.gobiernodecanarias.org/medusa/mediateca/iessantamariadeguia,84,98,86,
138,Radio Alpaca,https://www3.gobiernodecanarias.org/medusa/mediateca/iesvegadesanmateo,22,22,86,
139,Mediateca IES Bañaderos,https://www3.gobiernodecanarias.org/medusa/mediateca/iesbanaderos,9,12,86,
140,CEIP SAN JOSÉ,https://www3.gobiernodecanarias.org/medusa/mediateca/ceipsanjose,21,21,86,
141,CEPA ARUCAS Y FIRGAS,https://www3.gobiernodecanarias.org/medusa/mediateca/cepaarucasyfirgasfernandomarreropulido,4,8,86,
142,CEIP TÍNCER,https://www3.gobiernodecanarias.org/medusa/mediateca/ceiptincer,5,6,86,
143,IES LUCAS MARTÍN ESPINO,https://www3.gobiernodecanarias.org/medusa/mediateca/ieslucasmartinespino,17,26,86,
144,MEDIATECA GARCIA ESCAMEZ,https://www3.gobiernodecanarias.org/medusa/mediateca/ceipgarciaescamez,86,88,86,
145,CEOBYM MEDIATECA,https://www3.gobiernodecanarias.org/medusa/mediateca/ceobethencourtymolina,17,18,86,
146,Mediateca IES Los Naranjeros,https://www3.gobiernodecanarias.org/medusa/mediateca/ieslosnaranjeros,4,4,86,
147,Ceip Santa Cruz de California,https://www3.gobiernodecanarias.org/medusa/mediateca/ceipsantacruzdecalifornia,90,93,86,
148,IES Casas Nuevas,https://www3.gobiernodecanarias.org/medusa/mediateca/iescasasnuevas,80,80,86,
149,Rayca,https://www3.gobiernodecanarias.org/medusa/mediateca/ceipramonycajal,218,218,86,
150,CEIP TOMÁS DE IRIARTE,https://www3.gobiernodecanarias.org/medusa/mediateca/ceiptomasdeiriarte,10,13,86,
151,IES ANA LUISA BENÍTEZ,https://www3.gobiernodecanarias.org/medusa/mediateca/iesanaluisabenitez,0,0,86,
152,Mediateca del Monzón,https://www3.gobiernodecanarias.org/medusa/mediateca/iesfranciscohernandezmonzon,2,4,86,
153,CEIP MONTAÑA ROJA,https://www3.gobiernodecanarias.org/medusa/mediateca/ceipmontanaroja,755,852,86,
154,Colegio Pintor Manolo Millares,https://www3.gobiernodecanarias.org/medusa/mediateca/ceippintormanolomillares,8,8,86,
155,MediatecaJCR,https://www3.gobiernodecanarias.org/medusa/mediateca/ceipjuancruzruiz,116,117,86,
156,CEIP Mª del Carmen Fernández Melián,https://www3.gobiernodecanarias.org/medusa/mediateca/ceipmariadelcarmenfernandezmelian,180,181,86,
157,Canal de Igualdad y Educación Afectivo Sexual,https://www3.gobiernodecanarias.org/medusa/mediateca/igualdad,43,48,87,
158,CEIP ADOLFO TOPHAM,https://www3.gobiernodecanarias.org/medusa/mediateca/ceipadolfotopham,4,4,86,
159,IES CANDIDO MARANTE EXPÓSITO,https://www3.gobiernodecanarias.org/medusa/mediateca/iescandidomaranteexposito,26,28,86,
160,Mediateca del IES Cairasco de Figueroa,https://www3.gobiernodecanarias.org/medusa/mediateca/iescairascodefigueroa,65,65,27,
161,IES EUSEBIO BARRETO LORENZO,https://www3.gobiernodecanarias.org/medusa/mediateca/ieseusebiobarretolorenzo,0,0,86,
162,CEIP BILINGÜE FERNANDO LEÓN Y CASTILLO,https://www3.gobiernodecanarias.org/medusa/mediateca/ceipfernandoleonycastillo,19,19,86,
163,CEIP IBERIA,https://www3.gobiernodecanarias.org/medusa/mediateca/ceipiberia,50,58,87,
164,El Jable,https://www3.gobiernodecanarias.org/medusa/mediateca/ceipcostacalma,1,1,86,
165,CEIP Manolo Ortega,https://www3.gobiernodecanarias.org/medusa/mediateca/ceipmanoloortega,10,11,86,
166,MEDIATECA CEO MOGÁN,https://www3.gobiernodecanarias.org/medusa/mediateca/ceomogan,278,279,87,
167,IES GRAN TARAJAL,https://www3.gobiernodecanarias.org/medusa/mediateca/iesgrantarajal,7,8,86,
168,Ceip Cristóbal García Blairzy,https://www3.gobiernodecanarias.org/medusa/mediateca/ceipcristobalgarciablairzy,6,9,86,
169,CEIP ALCALDE DIEGO TRUJILLO RODRÍGUEZ,https://www3.gobiernodecanarias.org/medusa/mediateca/ceipalcaldediegotrujillorodriguez,23,23,86,
170,CER Moya,https://www3.gobiernodecanarias.org/medusa/mediateca/cermoya,6,7,86,
171,ceipleonycastillo,https://www3.gobiernodecanarias.org/medusa/mediateca/ceipleonycastillo,68,68,86,
172,CEIP VÍCTOR RODRÍGUEZ JIMÉNEZ,https://www3.gobiernodecanarias.org/medusa/mediateca/ceipvictorrodriguezjimenez,31,31,86,
173,Radio Educat-Higa,https://www3.gobiernodecanarias.org/medusa/mediateca/ceipsantateresadejesus,103,105,86,
174,MEDIATECA C.PROFES.LAPALMA,https://www3.gobiernodecanarias.org/medusa/mediateca/cprofeslapalma,21,31,86,
175,IES SANTA LUCÍA,https://www3.gobiernodecanarias.org/medusa/mediateca/iessantalucia,73,73,87,
176,IES Puerto Cabras Rafael Báez,https://www3.gobiernodecanarias.org/medusa/mediateca/iesenpuertodelrosario,270,270,87,
177,CEO Barlovento,https://www3.gobiernodecanarias.org/medusa/mediateca/ceobarlovento,57,57,86,
178,Mediateca CEO La Pared,https://www3.gobiernodecanarias.org/medusa/mediateca/ceolapared,37,37,86,
179,ceipmarpequeña,https://www3.gobiernodecanarias.org/medusa/mediateca/ceipmarpequena,101,102,86,
180,CEIP Rafael Gaviño ,https://www3.gobiernodecanarias.org/medusa/mediateca/ceiprafaelgavinodelbosque,0,0,86,
181,IES El Doctoral ,https://www3.gobiernodecanarias.org/medusa/mediateca/ieseldoctoral,313,435,86,
182,Mediateca IES Jinámar,https://www3.gobiernodecanarias.org/medusa/mediateca/iesjinamar,227,234,86,
183,IES EL BATÁN,https://www3.gobiernodecanarias.org/medusa/mediateca/ieselbatan,0,0,86,
184,CEP La Gomera,https://www3.gobiernodecanarias.org/medusa/mediateca/cprofeslagomera,33,44,86,
185,CEIP La Lajita,https://www3.gobiernodecanarias.org/medusa/mediateca/ceiplalajita,326,326,86,
186,CEIP TARAJALEJO,https://www3.gobiernodecanarias.org/medusa/mediateca/ceiptarajalejo,79,80,86,
187,MEDIATECA del CEPA Farola de Santa Cruz,https://www3.gobiernodecanarias.org/medusa/mediateca/cepafaroladesantacruz,123,125,90,
188,CEIP LOPE DE GUERRA,https://www3.gobiernodecanarias.org/medusa/mediateca/ceiplopedeguerra,36,36,87,
189,Mediateca IES Doramas,https://www3.gobiernodecanarias.org/medusa/mediateca/iesdoramas,14,14,87,
190,CEIP Taibique,https://www3.gobiernodecanarias.org/medusa/mediateca/ceiptaibique,59,59,86,
191,Canal CEIP Las Dunas,https://www3.gobiernodecanarias.org/medusa/mediateca/ceiplasdunas,168,168,86,
192,CEIP. SAMOGA,https://www3.gobiernodecanarias.org/medusa/mediateca/ceipsamoga,129,152,86,
193,CEIP Agustín Hernández Díaz,https://www3.gobiernodecanarias.org/medusa/mediateca/ceipagustinhernandezdiaz,195,195,86,
194,IES AGUSTÍN ESPINOSA -LANZAROTE,https://www3.gobiernodecanarias.org/medusa/mediateca/iesagustinespinosa,9,9,86,
195,GuajaraTube,https://www3.gobiernodecanarias.org/medusa/mediateca/ceoguajara,12,16,86,
196,CEIP ERNESTO CASTRO FARIÑAS,https://www3.gobiernodecanarias.org/medusa/mediateca/ceipernestocastrofarina,65,65,86,
197,CEIP GUIGUAN,https://www3.gobiernodecanarias.org/medusa/mediateca/ceipguiguan,14,14,87,
198,Europa-Néstor,https://www3.gobiernodecanarias.org/medusa/mediateca/ceipeuropanestoralamo,729,729,87,
199,ALMACÉN DIGITAL,https://www3.gobiernodecanarias.org/medusa/mediateca/ieslasveredillas,0,0,86,
200,IES Tomás de Iriarte,https://www3.gobiernodecanarias.org/medusa/mediateca/iestomasdeiriarte,6,8,87,
201,Repositorio,https://www3.gobiernodecanarias.org/medusa/mediateca/easdfernandoestevez,3,3,4,
202,APRENDIENDO A PENSAR - EGA,https://www3.gobiernodecanarias.org/medusa/mediateca/ceipemeteriogutierrezalbeloaguagarcia,198,351,86,
203,CEIP ROQUE AGUAYRO,https://www3.gobiernodecanarias.org/medusa/mediateca/ceiproqueaguayro,26,26,86,
204,Mediateca del IES SAN MATÍAS,https://www3.gobiernodecanarias.org/medusa/mediateca/iessanmatias,655,655,86,
205,VídeoClub El Tablero,https://www3.gobiernodecanarias.org/medusa/mediateca/ceipeltablero,275,275,86,
206,Blog Chimisay,https://www3.gobiernodecanarias.org/medusa/mediateca/ceipchimisay,179,179,86,
207,CEIP SAN FERNANDO DE MASPALOMAS,https://www3.gobiernodecanarias.org/medusa/mediateca/ceipsanfernandodemaspalomas,51,85,86,
208,CEIP MARIA SUÁREZ FIOL,https://www3.gobiernodecanarias.org/medusa/mediateca/ceipmariasuarezfiol,73,73,86,
209,MediateKa,https://www3.gobiernodecanarias.org/medusa/mediateca/ceippadrecollado,19,19,86,
210,MEDIATECA CEIP TEOFILO PÉREZ,https://www3.gobiernodecanarias.org/medusa/mediateca/ceipteofiloperez,394,405,86,
211,CEIP DR. JUAN ESPINO SÁNCHEZ,https://www3.gobiernodecanarias.org/medusa/mediateca/ceipdoctorjuanespinosanchez,43,44,86,
212,CEPA La Gomera,https://www3.gobiernodecanarias.org/medusa/mediateca/cepalagomera,0,0,86,
213,IES BLAS CABRERA FELIPE,https://www3.gobiernodecanarias.org/medusa/mediateca/iesblascabrerafelipe,69,69,86,
214,CEIP Cesar Manrique Cabrera,https://www3.gobiernodecanarias.org/medusa/mediateca/ceipcesarmanriquecabrera,672,681,90,
215,CEIP ALONSO NAVA Y GRIMÓN,https://www3.gobiernodecanarias.org/medusa/mediateca/ceipalonsonavaygrimon,3,3,86,
216,CEIP GUAYONGE,https://www3.gobiernodecanarias.org/medusa/mediateca/ceipguayonge,1,1,86,
217,CEIP SAN JOSÉ ARTESANO,https://www3.gobiernodecanarias.org/medusa/mediateca/ceipsanjoseartesano,14,24,86,
218,Vídeos de centro,https://www3.gobiernodecanarias.org/medusa/mediateca/iestonygallardo,11,11,86,
219,MEDIATECA CEIP DOMÍNGUEZ ALFONSO,https://www3.gobiernodecanarias.org/medusa/mediateca/ceipdominguezalfonso,73,81,87,
220,Mediateca del CEIP Bañaderos,https://www3.gobiernodecanarias.org/medusa/mediateca/ceipbanaderos,3,3,86,
221,CAPELLANÍA,https://www3.gobiernodecanarias.org/medusa/mediateca/ceipcapellaniadelyagabo,65,65,89,
222,Mediateca CEO Antigua,https://www3.gobiernodecanarias.org/medusa/mediateca/ceoantigua,2,2,86,
223,CEIP La Estrella,https://www3.gobiernodecanarias.org/medusa/mediateca/ceiplaestrella,114,114,86,
224,IES Cruz Santa,https://www3.gobiernodecanarias.org/medusa/mediateca/iescruzsanta,26,26,87,
225,IES Benito Pérez Armas,https://www3.gobiernodecanarias.org/medusa/mediateca/iesbenitoperezarmas,11,12,87,
226,CEO LEONCIO RODRÍGUEZ,https://www3.gobiernodecanarias.org/medusa/mediateca/ceoleonciorodriguez,12,12,86,
227,CEIP FEDERICO GARCÍA LORCA,https://www3.gobiernodecanarias.org/medusa/mediateca/ceipfedericogarcialorca,203,203,86,
228,CEIP LA GOLETA,https://www3.gobiernodecanarias.org/medusa/mediateca/ceiplagoleta,2,2,86,
229,MEDIATECA,https://www3.gobiernodecanarias.org/medusa/mediateca/ceipalfonsoxelsabio,17,17,86,
230,CEIP San José de Calasanz,https://www3.gobiernodecanarias.org/medusa/mediateca/ceipsanjosedecalasanz,11,16,88,
231,CEIP TAJINASTE,https://www3.gobiernodecanarias.org/medusa/mediateca/ceiptajinaste,44,44,87,
232,El Faro,https://www3.gobiernodecanarias.org/medusa/mediateca/ceipsardinadelnorte,13,13,86,
233,Mediateca CEIP Las Torres,https://www3.gobiernodecanarias.org/medusa/mediateca/ceiplastorres,56,58,86,
234,Ceip José Sánchez y Sánchez,https://www3.gobiernodecanarias.org/medusa/mediateca/ceipjosesanchezysanchez,0,0,86,
235,CEO San Miguel,https://www3.gobiernodecanarias.org/medusa/mediateca/ceoensanmigueldeabona,0,0,86,
236,ceipnievestoledo,https://www3.gobiernodecanarias.org/medusa/mediateca/ceipnievestoledo,90,90,86,
237,CEIP PLAYA BLANCA,https://www3.gobiernodecanarias.org/medusa/mediateca/ceipplayablanca,51,54,19,
238,PARQUE LA REINA,https://www3.gobiernodecanarias.org/medusa/mediateca/ceipparquelareina,80,80,86,
239,CastriMedia,https://www3.gobiernodecanarias.org/medusa/mediateca/ceipmariacastrillogarcia,44,45,86,
240,iesteobaldopower,https://www3.gobiernodecanarias.org/medusa/mediateca/iesteobaldopower,46,47,86,
241,CEIP BILINGÜE LOS TARAHALES,https://www3.gobiernodecanarias.org/medusa/mediateca/ceiplostarahales,36,36,86,
242,CEIP NUESTRA SEÑORA DE LA CONCEPCIÓN,https://www3.gobiernodecanarias.org/medusa/mediateca/ceipnuestrasenoradelaconcepcion,0,0,86,
243,CEPA Gáldar,https://www3.gobiernodecanarias.org/medusa/mediateca/cepagaldar,5,5,86,
244,Mediateca CEIP Concepción Rodríguez Artiles,https://www3.gobiernodecanarias.org/medusa/mediateca/ceipconcepcionrodriguezartiles,103,104,86,
245,ceip uga,https://www3.gobiernodecanarias.org/medusa/mediateca/ceipuga,1,1,86,
246,CEIP LA GARITA,https://www3.gobiernodecanarias.org/medusa/mediateca/ceiplagarita,12,21,86,
247,EOI LAS PALMAS DE GRAN CANARIA,https://www3.gobiernodecanarias.org/medusa/mediateca/eoilaspalmasdegrancanaria,29,32,88,
248,EOI LA LAGUNA,https://www3.gobiernodecanarias.org/medusa/mediateca/eoilalaguna,0,0,86,
249,EL MONTE,https://www3.gobiernodecanarias.org/medusa/mediateca/ceipelmonte,0,0,86,
250,MEDIATECA IES EL CHAPATAL,https://www3.gobiernodecanarias.org/medusa/mediateca/ieselchapatal,0,0,86,
251,Mediateca IES Padre Anchieta,https://www3.gobiernodecanarias.org/medusa/mediateca/iespadreanchieta,0,0,86,
252,IES Santo Tomás de Aquino,https://www3.gobiernodecanarias.org/medusa/mediateca/iessantotomasdeaquino,40,41,86,
253,CEIP FRANCISCA PÉREZ,https://www3.gobiernodecanarias.org/medusa/mediateca/ceipfranciscaperez,101,102,86,
254,MEDIATECA CEO ARGANA,https://www3.gobiernodecanarias.org/medusa/mediateca/ceoargana,1060,1060,98,
255,Cooperación y Solidaridad,https://www3.gobiernodecanarias.org/medusa/mediateca/cooperacionysolidaridad,4,4,86,
256,Guille_testing,https://www3.gobiernodecanarias.org/medusa/mediateca/otroscentrovirtualoficinamedusatfe,4,4,86,
257,CEIP VIRGEN DE LOS VOLCANES,https://www3.gobiernodecanarias.org/medusa/mediateca/ceipvirgendelosvolcanes,4171,4171,86,
258,Onfraile,https://www3.gobiernodecanarias.org/medusa/mediateca/ceipelfraile,128,128,86,
259,CEIP LA HUBARA,https://www3.gobiernodecanarias.org/medusa/mediateca/ceiplahubara,34,35,86,
260,Alonsoteca,https://www3.gobiernodecanarias.org/medusa/mediateca/iesalonsoquesada,0,0,86,
261,Mediateca CEIP Juan García Pérez,https://www3.gobiernodecanarias.org/medusa/mediateca/ceipjuangarciaperez,10,10,86,
262,Princesa Tejina,https://www3.gobiernodecanarias.org/medusa/mediateca/ceipprincesatejina,0,0,86,
263,Mediatecamenceyes,https://www3.gobiernodecanarias.org/medusa/mediateca/ceiplosmenceyes,138,138,86,
264,IES TÍAS,https://www3.gobiernodecanarias.org/medusa/mediateca/iestias,53,53,86,
265,Ceip Buzanada,https://www3.gobiernodecanarias.org/medusa/mediateca/ceipbuzanada,3,3,86,
266,CEIP HILDA ZUDÁN,https://www3.gobiernodecanarias.org/medusa/mediateca/ceiphildazudan,0,0,86,
267,Miguel de Santiago,https://www3.gobiernodecanarias.org/medusa/mediateca/ceipmigueldesantiago,92,92,87,
268,Millares TV,https://www3.gobiernodecanarias.org/medusa/mediateca/ceipagustinmillarescarlo,329,612,16,
269,"CEO Motor Grande, Rosa Padrón Pulido",https://www3.gobiernodecanarias.org/medusa/mediateca/ceomotorgranderosapadronpulido,131,147,86,
270,MEDIATECA PLAYA HONDA,https://www3.gobiernodecanarias.org/medusa/mediateca/ceipplayahonda,1,1,86,
271,CEE Nuestra Señora de los Volcanes,https://www3.gobiernodecanarias.org/medusa/mediateca/ceeensdelosvolcanes,45,45,86,
272,CEIP ARAYA,https://www3.gobiernodecanarias.org/medusa/mediateca/ceiparaya,59,59,88,
273,CEIP ARGANA ALTA,https://www3.gobiernodecanarias.org/medusa/mediateca/ceiparganaalta,14,14,86,
274,CEIP LA GARITA ARRIETA,https://www3.gobiernodecanarias.org/medusa/mediateca/ceiplagaritaarrieta,18,18,87,
275,IESPUNTALARGA,https://www3.gobiernodecanarias.org/medusa/mediateca/iespuntalarga,28,30,86,
276,CEIP Tiscamanita,https://www3.gobiernodecanarias.org/medusa/mediateca/ceiptiscamanita,29,30,86,
277,CURSO 2022-2023,https://www3.gobiernodecanarias.org/medusa/mediateca/iesmarinacebrian,297,297,87,
278,CEIP Ángel Guimerá,https://www3.gobiernodecanarias.org/medusa/mediateca/ceipangelguimera,224,224,86,
279,CEIP Playa de Mogán,https://www3.gobiernodecanarias.org/medusa/mediateca/ceipplayademogan,207,210,86,
280,MEDIATECA CEIP LA  OLIVA,https://www3.gobiernodecanarias.org/medusa/mediateca/ceiplaoliva,9,9,66,
281,CEIP IGUESTE,https://www3.gobiernodecanarias.org/medusa/mediateca/ceipigueste,36,36,86,
282,CEIP Benito Méndez Tarajano,https://www3.gobiernodecanarias.org/medusa/mediateca/ceipbenitomendeztarajano,65,66,86,
283,IES SANTA ANA MEDIATECA,https://www3.gobiernodecanarias.org/medusa/mediateca/iessantaana,60,64,86,
284,Radio Erjos,https://www3.gobiernodecanarias.org/medusa/mediateca/ceiperjos,105,106,86,
285,Mediateca IES Cruce de Arinaga,https://www3.gobiernodecanarias.org/medusa/mediateca/iescrucedearinaga,54,55,86,
286,Rincón Villalba,https://www3.gobiernodecanarias.org/medusa/mediateca/iesvillalbahervas,0,0,86,
287,CEPA COMARCA,https://www3.gobiernodecanarias.org/medusa/mediateca/cepacomarcanordestedetenerife,3,3,86,
288,CEIP LAS TEDERAS,https://www3.gobiernodecanarias.org/medusa/mediateca/ceiplastederas,34,35,86,
289,IES Pérez Galdós,https://www3.gobiernodecanarias.org/medusa/mediateca/iesperezgaldos,104,104,86,
290,BANCO VISUAL PRÍNCIPE DE ASTURIAS,https://www3.gobiernodecanarias.org/medusa/mediateca/ceipprincipedeasturias,154,155,86,
291,Los Giles Radio y TV,https://www3.gobiernodecanarias.org/medusa/mediateca/ceiplosgiles,0,0,0,file_not_found:Local XML file not found for 'https://www3.gobiernodecanarias.org/medusa/mediateca/ceiplosgiles' in 'exports'
292,C.E.I.P. Los Andenes de Taco,https://www3.gobiernodecanarias.org/medusa/mediateca/ceiplosandenesdetaco,68,69,86,
293,Mediateca Palo Blanco,https://www3.gobiernodecanarias.org/medusa/mediateca/ceippaloblanco,59,59,86,
294,Carmen Álvarez de la Rosa,https://www3.gobiernodecanarias.org/medusa/mediateca/ceipcarmenalvarezdelarosa,79,79,86,
295,CEIP POLICARPO BÁEZ,https://www3.gobiernodecanarias.org/medusa/mediateca/ceippolicarpobaez,26,28,86,
296,Ceip Don Benito,https://www3.gobiernodecanarias.org/medusa/mediateca/ceipdonbenito,79,80,93,
297,CEIP LAS MESAS,https://www3.gobiernodecanarias.org/medusa/mediateca/ceiplasmesas,16,16,86,
298,Mediateca CEO Príncipe Felipe,https://www3.gobiernodecanarias.org/medusa/mediateca/ceoprincipefelipe,77,77,92,
299,RADIO CABRERA PINTO,https://www3.gobiernodecanarias.org/medusa/mediateca/iescanariascabrerapinto,24,445,86,
300,CEIP TEMISAS,https://www3.gobiernodecanarias.org/medusa/mediateca/ceiptemisas,0,0,86,
301,Mediateca CEIP Villa Ascensión,https://www3.gobiernodecanarias.org/medusa/mediateca/ceipvillaascension,188,188,86,
302,TIMPLIMEDIA,https://www3.gobiernodecanarias.org/medusa/mediateca/ceiptimplistajoseantonioramos,13,22,88,
303,Orozcoteca,https://www3.gobiernodecanarias.org/medusa/mediateca/ceoandresorozco,160,172,87,
304,CEIP Tefía,https://www3.gobiernodecanarias.org/medusa/mediateca/ceiptefia,3,3,86,
305,IES Vigán,https://www3.gobiernodecanarias.org/medusa/mediateca/iesvigan,16,16,87,
306,CEIP CAMINO DE LA MADERA,https://www3.gobiernodecanarias.org/medusa/mediateca/ceipcaminodelamadera,8,8,86,
307,CEIP Plácido Fleitas,https://www3.gobiernodecanarias.org/medusa/mediateca/ceipplacidofleitas,54,54,86,
308,CEIP TOSTÓN,https://www3.gobiernodecanarias.org/medusa/mediateca/ceiptoston,29,31,88,
309,CEIP Valles de Ortega,https://www3.gobiernodecanarias.org/medusa/mediateca/ceipvallesdeortega,23,23,86,
310,IESLasSalinasArrecife,https://www3.gobiernodecanarias.org/medusa/mediateca/ieslassalinas,37,37,87,
311,¡¡Los Llanos en ACCIÓN!!,https://www3.gobiernodecanarias.org/medusa/mediateca/ceiplosllanos,4,5,86,
312,Mediateca IES Puerto del Rosario,https://www3.gobiernodecanarias.org/medusa/mediateca/iespuertodelrosario,199,199,87,
313,CEIP SAN ANTONIO PUERTO DE LA CRUZ,https://www3.gobiernodecanarias.org/medusa/mediateca/ceipsanantonio,8,8,86,
314,ceipacentejo,https://www3.gobiernodecanarias.org/medusa/mediateca/ceipacentejo,635,638,115,
315,CEIP Gumersindo Martell,https://www3.gobiernodecanarias.org/medusa/mediateca/ceipgumersindomartell,0,0,86,
316,CEIP Villaverde,https://www3.gobiernodecanarias.org/medusa/mediateca/ceipvillaverde,22,22,86,
317,RadioBoral,https://www3.gobiernodecanarias.org/medusa/mediateca/ieslalaboraldelalaguna,96,98,87,
318,CEP DORAMAS,https://www3.gobiernodecanarias.org/medusa/mediateca/cepdoramas,121,124,86,
319,EOI de Ingenio,https://www3.gobiernodecanarias.org/medusa/mediateca/eoiingenio,291,291,86,
320,CEIP EL MATORRAL,https://www3.gobiernodecanarias.org/medusa/mediateca/ceipelmatorral,6,13,86,
321,CEIP PUNTALLANA,https://www3.gobiernodecanarias.org/medusa/mediateca/ceippuntallana,145,162,86,
322,CIFP FELO MONZON GRAU-BASSAS,https://www3.gobiernodecanarias.org/medusa/mediateca/cifpfelomonzongraubassas,7,7,86,
323,CEIP Pájara,https://www3.gobiernodecanarias.org/medusa/mediateca/ceippajara,17,19,86,
324,CEIP FERNANDO III EL SANTO,https://www3.gobiernodecanarias.org/medusa/mediateca/ceipfernandoiiielsanto,122,122,86,
325,EOI Valverde,https://www3.gobiernodecanarias.org/medusa/mediateca/eoivalverde,5,5,88,
326,IES REALEJOS,https://www3.gobiernodecanarias.org/medusa/mediateca/iesrealejos,43,43,86,
327,IES Politécnico Las Palmas,https://www3.gobiernodecanarias.org/medusa/mediateca/iespolitecnicolaspalmas,470,470,45,
328,CEE CHACONA,https://www3.gobiernodecanarias.org/medusa/mediateca/ceeechacona,3,3,86,
329,CEIP Baldomero Bethencourt Francés,https://www3.gobiernodecanarias.org/medusa/mediateca/ceipbaldomerobethencourt,284,523,87,
330,CEIP ALCALDE ALEXIS TEJERA LEMES,https://www3.gobiernodecanarias.org/medusa/mediateca/ceipalcaldealexistejeralemes,1983,2001,91,
331,CEIPABONA,https://www3.gobiernodecanarias.org/medusa/mediateca/ceipabona,1,1,86,
332,CEIP. VALLE SAN LORENZO,https://www3.gobiernodecanarias.org/medusa/mediateca/ceipvallesanlorenzo,21,21,86,
333,EOI GÜÍMAR,https://www3.gobiernodecanarias.org/medusa/mediateca/eoiguimar,95,158,86,
334,CEIP TUINEJE,https://www3.gobiernodecanarias.org/medusa/mediateca/ceiptuineje,31,50,86,
335,CER GRAN CANARIA OESTE,https://www3.gobiernodecanarias.org/medusa/mediateca/cergrancanariaoeste,0,0,86,
336,CEIP CASAS DE VENEGUERA,https://www3.gobiernodecanarias.org/medusa/mediateca/ceipcasasdeveneguera,22,22,86,
337,CEIP LA MONTAÑETA,https://www3.gobiernodecanarias.org/medusa/mediateca/ceiplamontaneta,21,21,86,
338,CEIP ENRIQUE GONZÁLEZ MARTÍN,https://www3.gobiernodecanarias.org/medusa/mediateca/ceipenriquegonzalezmartin,25,25,86,
339,IES María Pérez Trujillo,https://www3.gobiernodecanarias.org/medusa/mediateca/iesmariapereztrujillo,43,43,86,
340,P.eOi.Dcast,https://www3.gobiernodecanarias.org/medusa/mediateca/eoisantacruzdetenerife,55,74,86,
341,CEIP Punta Brava,https://www3.gobiernodecanarias.org/medusa/mediateca/ceippuntabrava,65,65,86,
342,CEO IGNACIO ALDECOA,https://www3.gobiernodecanarias.org/medusa/mediateca/ceoignacioaldecoa,0,0,86,
343,CEIP Juan del Río Ayala,https://www3.gobiernodecanarias.org/medusa/mediateca/ceipjuandelrioayala,33,33,86,
344,Mediateca - IES Profesor Juan Pulido Castro,https://www3.gobiernodecanarias.org/medusa/mediateca/iesprofesorjuanpulidocastro,6,6,87,
345,IES San Nicolás,https://www3.gobiernodecanarias.org/medusa/mediateca/iessannicolas,44,44,86,
346,IES Corralejo,https://www3.gobiernodecanarias.org/medusa/mediateca/iescorralejo,0,0,86,
347,Mediateca del IES Playa de Arinaga,https://www3.gobiernodecanarias.org/medusa/mediateca/iesplayadearinaga,4,4,86,
348,IES CARRIZAL,https://www3.gobiernodecanarias.org/medusa/mediateca/iescarrizal,55,58,86,
349,MEDIATECA CEPA GÜÍMAR,https://www3.gobiernodecanarias.org/medusa/mediateca/cepaguimar,55,72,86,
350,Barrio Costa MEDIATECA,https://www3.gobiernodecanarias.org/medusa/mediateca/ceipbarriocosta,13,13,86,
351,CEIP LA LOMADA,https://www3.gobiernodecanarias.org/medusa/mediateca/ceiplalomada,0,0,86,
352,CER LAS BREÑAS,https://www3.gobiernodecanarias.org/medusa/mediateca/cerlasbrenas,3,5,86,
353,IES Playa Honda ,https://www3.gobiernodecanarias.org/medusa/mediateca/iesplayahonda,78,78,86,
354,CEIP ADAMANCASIS,https://www3.gobiernodecanarias.org/medusa/mediateca/ceipadamancasis,70,70,95,
355,CEIP Las Mercedes,https://www3.gobiernodecanarias.org/medusa/mediateca/ceiplasmercedes,9,9,86,
356,Radio MRA,https://www3.gobiernodecanarias.org/medusa/mediateca/iesmariarosaalonso,13,13,86,
357,CEIP Ajei,https://www3.gobiernodecanarias.org/medusa/mediateca/ceipajei,7,14,88,
358,CEIP El Tablero Gran Canaria,https://www3.gobiernodecanarias.org/medusa/mediateca/ceipeltablerograncanaria,6,6,86,
359,CEE PUERTO DEL ROSARIO,https://www3.gobiernodecanarias.org/medusa/mediateca/ceeepuertodelrosario,12,24,90,
360,CEIP José Manuel Illera de la Mora,https://www3.gobiernodecanarias.org/medusa/mediateca/ceipjosemanuelilleradelamora,30,30,86,
361,CEIP Oasis de Maspalomas,https://www3.gobiernodecanarias.org/medusa/mediateca/ceipoasisdemaspalomas,172,179,88,
362,Mediateca La Rocha,https://www3.gobiernodecanarias.org/medusa/mediateca/iesjosefrugoniperez,13,26,86,
363,CEIP Tierra del Trigo,https://www3.gobiernodecanarias.org/medusa/mediateca/ceiptierradeltrigo,1,1,86,
364,MenceyAcaymo,https://www3.gobiernodecanarias.org/medusa/mediateca/iesmenceyacaymo,0,0,0,file_not_found:Local XML file not found for 'https://www3.gobiernodecanarias.org/medusa/mediateca/iesmenceyacaymo' in 'exports'
365,IES LA ATALAYA,https://www3.gobiernodecanarias.org/medusa/mediateca/ieslaatalaya,0,0,86,
366,CEIP ALDEA BLANCA,https://www3.gobiernodecanarias.org/medusa/mediateca/ceipaldeablanca,11,22,86,
367,La Mediateca,https://www3.gobiernodecanarias.org/medusa/mediateca/ieslamatanza,12,12,89,
368,CEIP JOSE PEREZ VIDAL,https://www3.gobiernodecanarias.org/medusa/mediateca/ceipjoseperezvidal,16,16,86,
369,CEPA GUAYAFANTA,https://www3.gobiernodecanarias.org/medusa/mediateca/cepaguayafanta,44,44,86,
370,CEIP DOCTOR HERNANDEZ BENITEZ,https://www3.gobiernodecanarias.org/medusa/mediateca/ceipdoctorhernandezbenitez,5,5,86,
371,CEIP EL TOSCAL-LONGUERA,https://www3.gobiernodecanarias.org/medusa/mediateca/ceiptoscallonguera,31,34,86,
372,CEPA Santa Brígida,https://www3.gobiernodecanarias.org/medusa/mediateca/cepasantabrigida,1,1,86,
373,CEIP ALCALDE MARCIAL FRANCO,https://www3.gobiernodecanarias.org/medusa/mediateca/ceipalcaldemarcialfranco,52,64,86,
374,CEIP PRINCESA ARECIDA,https://www3.gobiernodecanarias.org/medusa/mediateca/ceipprincesaarecida,11,11,86,
375,CEIP TEMOCODÁ,https://www3.gobiernodecanarias.org/medusa/mediateca/ceiptemocoda,4,4,86,
376,CEIP ALAJERÓ,https://www3.gobiernodecanarias.org/medusa/mediateca/ceipalajero,0,0,86,
377,CEIP LA LADERA,https://www3.gobiernodecanarias.org/medusa/mediateca/ceiplaladera,177,177,86,
378,CEIP ALOJERA,https://www3.gobiernodecanarias.org/medusa/mediateca/ceipalojera,23,23,86,
379,CEIP GENOVÉS,https://www3.gobiernodecanarias.org/medusa/mediateca/ceipgenoves,5,5,86,
380,CEIP El Retamal,https://www3.gobiernodecanarias.org/medusa/mediateca/ceipelretamal,0,0,86,
381,CER LAS PALMAS ARUCAS (35707713),https://www3.gobiernodecanarias.org/medusa/mediateca/cerlaspalmasarucas,0,0,86,
382,CEIP EL TOSCÓN(35006278),https://www3.gobiernodecanarias.org/medusa/mediateca/ceipeltoscon,0,0,86,
383,Podcast de la EOI Puerto de la Cruz,https://www3.gobiernodecanarias.org/medusa/mediateca/eoipuertodelacruz,45,49,88,
384,MEDIATECA IES TEGUISE,https://www3.gobiernodecanarias.org/medusa/mediateca/iesteguise,0,0,86,
385,CEIP Soo,https://www3.gobiernodecanarias.org/medusa/mediateca/ceipsoo,0,0,86,
386,CEIP Punta Larga,https://www3.gobiernodecanarias.org/medusa/mediateca/ceippuntalarga,49,49,86,
387,CEO Mario Lhermet Vallier,https://www3.gobiernodecanarias.org/medusa/mediateca/ceomariolhermetvallier,8,8,86,
388,IES Pablo Montesino,https://www3.gobiernodecanarias.org/medusa/mediateca/iespablomontesino,2,2,87,
389,MEDIATECA CHARCO DEL PINO,https://www3.gobiernodecanarias.org/medusa/mediateca/ceipcharcodelpino,122,122,86,
390,Mediateca CEIP San Fernando,https://www3.gobiernodecanarias.org/medusa/mediateca/ceipsanfernando,2,2,87,
391,Radiominik-conecta2,https://www3.gobiernodecanarias.org/medusa/mediateca/iesdomingoperezminik,69,69,86,
392,Sagaseta,https://www3.gobiernodecanarias.org/medusa/mediateca/iesfernandosagaseta,5,5,86,
393,EA Pancho Lasso,https://www3.gobiernodecanarias.org/medusa/mediateca/eapancholasso,15,15,86,
394,Mediateca IES TÁMARA,https://www3.gobiernodecanarias.org/medusa/mediateca/iestamara,46,47,86,
395,CEIP San Matías,https://www3.gobiernodecanarias.org/medusa/mediateca/ceipsanmatias,282,284,5,
396,Mediateca MRA 22-23,https://www3.gobiernodecanarias.org/medusa/mediateca/ceipmariarosaalonso,96,96,86,
397,MEDIATECA CEIP SANTA LUCÍA,https://www3.gobiernodecanarias.org/medusa/mediateca/ceipsantalucia,1,1,91,
398,CEIP CAMPINO,https://www3.gobiernodecanarias.org/medusa/mediateca/ceipcampino,23,23,86,
399,CEPA Valverde,https://www3.gobiernodecanarias.org/medusa/mediateca/cepavalverde,0,0,86,
400,CEE INES FUENTES Y GONZÁLEZ DE ALEDO,https://www3.gobiernodecanarias.org/medusa/mediateca/ceeeinesfuentesygonzalezdealedo,189,189,86,
401,IES YAIZA,https://www3.gobiernodecanarias.org/medusa/mediateca/iesyaiza,204,418,86,
402,IES Jerónimo Saavedra,https://www3.gobiernodecanarias.org/medusa/mediateca/iesjeronimosaavedra,0,0,86,
403,GALERIA CÉSAR,https://www3.gobiernodecanarias.org/medusa/mediateca/ceipcesarmanrique,503,600,86,
404,MEDIATECA CEIP MONTAÑA LOS VÉLEZ,https://www3.gobiernodecanarias.org/medusa/mediateca/ceipmontanalosvelez,0,0,86,
405,CEIP Bernabé Figueroa,https://www3.gobiernodecanarias.org/medusa/mediateca/ceipbernabefigueroaumpierrez,25,26,86,
406,IES MESA Y LÓPEZ,https://www3.gobiernodecanarias.org/medusa/mediateca/iesmesaylopez,5,5,86,
407,EOI FUERTEVENTURA,https://www3.gobiernodecanarias.org/medusa/mediateca/eoipuertodelrosario,0,0,86,
408,IES Primero de Mayo,https://www3.gobiernodecanarias.org/medusa/mediateca/iesprimerodemayo,0,0,86,
409,Cole de El Valle,https://www3.gobiernodecanarias.org/medusa/mediateca/ceipanabetancorestupinan,16,16,85,
410,Cercado Espino,https://www3.gobiernodecanarias.org/medusa/mediateca/ceipcercadodeespino,22,22,86,
411,CEIP ANTONIO ZEROLO,https://www3.gobiernodecanarias.org/medusa/mediateca/ceipantoniozerolo,26,26,87,
412,Mediateca CEIP La Era,https://www3.gobiernodecanarias.org/medusa/mediateca/ceiplaera,19,19,87,
413,I.E.S. Las Brenas,https://www3.gobiernodecanarias.org/medusa/mediateca/ieslasbrenas,72,87,90,
414,CEIP YAIZA,https://www3.gobiernodecanarias.org/medusa/mediateca/ceipyaiza,229,233,86,
415,iesdetafiranelsonmandela,https://www3.gobiernodecanarias.org/medusa/mediateca/iestafira,13,15,86,
416,CEIP FRANCISCO AFONSO CARRILLO,https://www3.gobiernodecanarias.org/medusa/mediateca/ceipfranciscoafonsocarrillo,2,2,86,
417,CEIP Tao,https://www3.gobiernodecanarias.org/medusa/mediateca/ceiptao,18,21,86,
418,CEIP Munique,https://www3.gobiernodecanarias.org/medusa/mediateca/ceipmunique,7,7,86,
419,CEIP Los Valles,https://www3.gobiernodecanarias.org/medusa/mediateca/ceiplosvalles,0,0,86,
420,CEIP Las Brenas Lanzarote,https://www3.gobiernodecanarias.org/medusa/mediateca/ceiplasbrenas,6,6,86,
421,CEIP Chayofa,https://www3.gobiernodecanarias.org/medusa/mediateca/ceipchayofa,2,2,105,
422,IES SCHAMANN,https://www3.gobiernodecanarias.org/medusa/mediateca/iesschamann,0,0,86,
423,CEIP La Vegueta,https://www3.gobiernodecanarias.org/medusa/mediateca/ceiplavegueta,2,2,86,
424,IES Sabino Berthelot,https://www3.gobiernodecanarias.org/medusa/mediateca/iessabinoberthelot,0,0,86,
425,CEIP Guime,https://www3.gobiernodecanarias.org/medusa/mediateca/ceipguime,0,0,86,
426,IES VECINDARIO,https://www3.gobiernodecanarias.org/medusa/mediateca/iesvecindario,119,119,99,
427,CEIP Mesa y Lopez,https://www3.gobiernodecanarias.org/medusa/mediateca/ceipmesaylopez,26,28,86,
428,ceipaponte,https://www3.gobiernodecanarias.org/medusa/mediateca/ceipaponte,17,19,86,
429,CEIPLASAMERICAS,https://www3.gobiernodecanarias.org/medusa/mediateca/ceipplayalasamericas,14,14,86,
430,CervanTECA,https://www3.gobiernodecanarias.org/medusa/mediateca/ceipmigueldecervantes,0,0,86,
431,CEIP LOLA MASSIEU LA ANGOSTURA,https://www3.gobiernodecanarias.org/medusa/mediateca/ceiplolamassieulaangostura,2,2,86,
432,MEDIATECA CEIP SECUNDINO DELGADO,https://www3.gobiernodecanarias.org/medusa/mediateca/ceipsecundinodelgado,50,51,86,
433,IES LOS TARAHALES,https://www3.gobiernodecanarias.org/medusa/mediateca/ieslostarahales,247,248,87,
434,CEIP San Juan,https://www3.gobiernodecanarias.org/medusa/mediateca/ceipsanjuan,3,3,86,
435,Digital del Atlantico,https://www3.gobiernodecanarias.org/medusa/mediateca/iesferiadelatlantico,31,31,86,
436,CEPA FUERTEVENTURA SUR,https://www3.gobiernodecanarias.org/medusa/mediateca/cepafuerteventurasur,2,2,86,
437,Mediateca CEIP El Roque,https://www3.gobiernodecanarias.org/medusa/mediateca/ceipelroque,131,131,86,
438,catolica,https://www3.gobiernodecanarias.org/medusa/mediateca/ceipisabellacatolica,328,328,87,
439,cepalaspalmas,https://www3.gobiernodecanarias.org/medusa/mediateca/cepalaspalmas,5,5,86,
440,CEIP Buenavista de Abajo,https://www3.gobiernodecanarias.org/medusa/mediateca/ceipbuenavistadeabajo,3,5,86,
441,COLEGIO AMELIA VEGA MONZON,https://www3.gobiernodecanarias.org/medusa/mediateca/ceipameliavega,16,17,86,
442,CEIP INFANTA ELENA,https://www3.gobiernodecanarias.org/medusa/mediateca/ceipinfantaelena,0,0,0,file_not_found:Local XML file not found for 'https://www3.gobiernodecanarias.org/medusa/mediateca/ceipinfantaelena' in 'exports'
443,CEIP Mararia,https://www3.gobiernodecanarias.org/medusa/mediateca/ceipmararia,1,1,86,
444,Área de Salud Escolar y Estilos de Vida Saludable,https://www3.gobiernodecanarias.org/medusa/mediateca/saludescolar,118,208,104,
445,CEIP EL RIO,https://www3.gobiernodecanarias.org/medusa/mediateca/ceipelrio,51,51,86,
446,CEIP Antonito El Farero,https://www3.gobiernodecanarias.org/medusa/mediateca/ceipantonitoelfarero,0,0,86,
447,IESICHASAGUA,https://www3.gobiernodecanarias.org/medusa/mediateca/iesichasagua,3,3,86,
448,CEIP EL PUERTITO,https://www3.gobiernodecanarias.org/medusa/mediateca/ceipelpuertitodeguimar,20,20,86,
449,CEIP Ntra. Sra. de la Luz,https://www3.gobiernodecanarias.org/medusa/mediateca/ceipnuestrasenoradelaluz,2,2,86,
450,CEIP Tigaday_Mediateca,https://www3.gobiernodecanarias.org/medusa/mediateca/ceiptigaday,52,52,86,
451,Mediateca CEIP Cardonal I,https://www3.gobiernodecanarias.org/medusa/mediateca/ceipcardonali,25,25,86,
452,CEIP MANUEL GALVAN DE LAS CASAS,https://www3.gobiernodecanarias.org/medusa/mediateca/ceipmanuelgalvandelascasas,208,208,86,
453,CEIP Teobaldo Power,https://www3.gobiernodecanarias.org/medusa/mediateca/ceipteobaldopower,1088,1089,86,
454,CEIP BOTAZO,https://www3.gobiernodecanarias.org/medusa/mediateca/ceipbotazo,6,6,86,
455,CEIP El Cuchillo,https://www3.gobiernodecanarias.org/medusa/mediateca/ceipelcuchillo,0,0,86,
456,CEIP SAN BENITO LA LAGUNA,https://www3.gobiernodecanarias.org/medusa/mediateca/ceipsanbenito,114,117,86,
457,MEDIATECA CEIP LOS VERODES,https://www3.gobiernodecanarias.org/medusa/mediateca/ceiplosverodes,89,95,86,
458,MediaCER,https://www3.gobiernodecanarias.org/medusa/mediateca/cergranadilladeabona,8,16,86,
459,CEIP Poeta Francisco Tarajano,https://www3.gobiernodecanarias.org/medusa/mediateca/ceippoetafranciscotarajano,21,21,86,
460,CEIP EMETERIO GUTIERREZ ALBELO - Icod de los Vinos,https://www3.gobiernodecanarias.org/medusa/mediateca/ceipemeteriogutierrezalbelo,77,77,86,
461,CEIP FANABE,https://www3.gobiernodecanarias.org/medusa/mediateca/ceipfanabe,20,20,86,
462,EOI Santa Brigida,https://www3.gobiernodecanarias.org/medusa/mediateca/eoisantabrigida,0,0,86,
463,CEIP Claudio de la Torre,https://www3.gobiernodecanarias.org/medusa/mediateca/ceipclaudiodelatorre,11,11,86,
464,CEIP Esteban Navarro Snchez,https://www3.gobiernodecanarias.org/medusa/mediateca/ceipestebannavarrosanchez,0,0,0,file_not_found:Local XML file not found for 'https://www3.gobiernodecanarias.org/medusa/mediateca/ceipestebannavarrosanchez' in 'exports'
465,La biblioteca de El Faro,https://www3.gobiernodecanarias.org/medusa/mediateca/iesfarodemaspalomas,16,16,86,
466,CEIP Tamaimo,https://www3.gobiernodecanarias.org/medusa/mediateca/ceiptamaimo,46,46,86,
467,ceipsanjuantelde,https://www3.gobiernodecanarias.org/medusa/mediateca/ceipsanjuantelde,4,4,86,
468,Mediateca IES Valle Guerra,https://www3.gobiernodecanarias.org/medusa/mediateca/iesvalleguerra,0,0,86,
469,CEIP LA DESTILA,https://www3.gobiernodecanarias.org/medusa/mediateca/ceipladestila,21,37,86,
470,CEIP Nuestra Sra del Buen Viaje,https://www3.gobiernodecanarias.org/medusa/mediateca/ceipnuestrasenoradelbuenviaje,21,21,86,
471,CEIP PROFESOR RAFAEL GOMEZ SANTOS,https://www3.gobiernodecanarias.org/medusa/mediateca/ceipprofesorrafaelgomezsantos,0,0,86,
472,IES San Marcos,https://www3.gobiernodecanarias.org/medusa/mediateca/iessanmarcos,70,70,86,
473,CEIP FELICIANO HERNANDEZ GARCIA,https://www3.gobiernodecanarias.org/medusa/mediateca/ceipfelicianohernandezgarcia,7,7,86,
474,CEIP LOS CANARIOS,https://www3.gobiernodecanarias.org/medusa/mediateca/ceiploscanarios,2,2,86,
475,CEIP. VILLA DE ARICO,https://www3.gobiernodecanarias.org/medusa/mediateca/ceipvilladearico,8,8,86,
476,IES Granadilla de Abona,https://www3.gobiernodecanarias.org/medusa/mediateca/iesgranadilla,28,28,86,
477,CIFP CRUZ DE PIEDRA,https://www3.gobiernodecanarias.org/medusa/mediateca/cifpcruzdepiedra,8,8,86,
478,ceiptagorortfe,https://www3.gobiernodecanarias.org/medusa/mediateca/ceiptagorortfe,0,0,86,
479,CEIP PADILLA,https://www3.gobiernodecanarias.org/medusa/mediateca/ceippadilla,39,41,86,
480,CEIP DJM,https://www3.gobiernodecanarias.org/medusa/mediateca/ceipdomingojuanmanrique,0,0,86,
481,CEIP CESAR MANRIQUE - PTO CRUZ,https://www3.gobiernodecanarias.org/medusa/mediateca/ceipcesarmanriqueptocruz,12,12,86,
482,CEIP Anselmo Perez de Brito,https://www3.gobiernodecanarias.org/medusa/mediateca/ceipanselmoperezbrito,44,51,87,
483,Mediateca IES Garachico,https://www3.gobiernodecanarias.org/medusa/mediateca/iesgarachicoalcaldelorenzodorta,1,1,86,
484,CEIP SANTA ROSA DE LIMA,https://www3.gobiernodecanarias.org/medusa/mediateca/ceipsantarosadelima,89,89,86,
485,Mediateca del IES Jandia,https://www3.gobiernodecanarias.org/medusa/mediateca/iesjandia,891,892,86,
486,CEPA Titerroygatra,https://www3.gobiernodecanarias.org/medusa/mediateca/cepatiterroygatra,0,0,86,
487,CEIP LAS CHUMBERAS,https://www3.gobiernodecanarias.org/medusa/mediateca/ceiplaschumberas,375,375,86,
488,CEIP POETA MONTIANO PLACERES,https://www3.gobiernodecanarias.org/medusa/mediateca/ceippoetamontianoplaceres,41,41,86,
489,Mediateca EOI Arucas,https://www3.gobiernodecanarias.org/medusa/mediateca/eoiarucas,0,0,86,
490,Vdeos de centro,https://www3.gobiernodecanarias.org/medusa/mediateca/cifptonygallardo,34,34,86,
491,CEIP LA CUMBRITA,https://www3.gobiernodecanarias.org/medusa/mediateca/ceiplacumbrita,126,126,91,
492,MEDIATECA CEIP M. PELADA,https://www3.gobiernodecanarias.org/medusa/mediateca/ceipmontanapelada,26,26,86,
493,Ceip Virgen del Pilar Chimiche,https://www3.gobiernodecanarias.org/medusa/mediateca/ceipvirgendelpilar,186,187,86,
494,CEIP NESTOR DE LA TORRE,https://www3.gobiernodecanarias.org/medusa/mediateca/ceipnestordelatorre,0,0,86,
495,CEIP LOS ABRIGOS,https://www3.gobiernodecanarias.org/medusa/mediateca/ceiplosabrigos,29,33,86,
496,CEIP PINTOR NESTOR,https://www3.gobiernodecanarias.org/medusa/mediateca/ceippintornestor,17,22,86,
497,EOI MASPALOMAS,https://www3.gobiernodecanarias.org/medusa/mediateca/eoimaspalomas,35,35,86,
498,CEIP Los Blanquitos,https://www3.gobiernodecanarias.org/medusa/mediateca/ceiplosblanquitos,6,11,86,
499,UEC,https://www3.gobiernodecanarias.org/medusa/mediateca/iespuntagorda,55,55,86,
500,Aula Unidad Pediátrica Hospital Santa Cruz,https://www3.gobiernodecanarias.org/medusa/mediateca/aulaunidadpediatricahospitalstacruz,12,13,87,
501,Aula Hospital Dr. José Molina Orosa,https://www3.gobiernodecanarias.org/medusa/mediateca/aulahospitaldoctorjosemolinaorosa,1,1,86,
502,CEIPMariaauxiliadora,https://www3.gobiernodecanarias.org/medusa/mediateca/ceipmariaauxiliadora,11,11,86,
503,CEIP LUCIA JIMENEZ OLIVA,https://www3.gobiernodecanarias.org/medusa/mediateca/ceipluciajimenezoliva,63,63,86,
504,CEIP JINAMAR FASE V,https://www3.gobiernodecanarias.org/medusa/mediateca/ceipjinamarfasev,0,0,86,
505,IES GUAZA,https://www3.gobiernodecanarias.org/medusa/mediateca/iesguaza,20,20,86,
506,CIFP La Laguna,https://www3.gobiernodecanarias.org/medusa/mediateca/cifplalaguna,8,8,86,
507,CEIP El Roque San Miguel ,https://www3.gobiernodecanarias.org/medusa/mediateca/ceipelroquesan%20miguel,0,0,0,file_not_found:Local XML file not found for 'https://www3.gobiernodecanarias.org/medusa/mediateca/ceipelroquesan%20miguel' in 'exports'
508,CEIP El Roque San Miguel ,https://www3.gobiernodecanarias.org/medusa/mediateca/ceipelroquesanmiguel,31,43,86,
509,IES LA MINILLA,https://www3.gobiernodecanarias.org/medusa/mediateca/ieslaminilla,5,5,86,
510,CEPA FUERTEVENTURA NORTE,https://www3.gobiernodecanarias.org/medusa/mediateca/cepafuerteventuranorte,0,0,86,
511,CEIP SALAMANCA,https://www3.gobiernodecanarias.org/medusa/mediateca/ceipsalamanca,8,8,86,
512,CEIP DR.ALFONSO SPNOLA,https://www3.gobiernodecanarias.org/medusa/mediateca/ceipdoctoralfonsospinola,56,56,86,
513,CER El Hierro,https://www3.gobiernodecanarias.org/medusa/mediateca/cerelhierro,0,0,86,
514,CEIP Francisco Navarro Artiles,https://www3.gobiernodecanarias.org/medusa/mediateca/ceipfrancisconavarroartiles,0,0,86,
515,CEIP ARAGON,https://www3.gobiernodecanarias.org/medusa/mediateca/ceiparagon,2,3,86,
516,CER ANAGA,https://www3.gobiernodecanarias.org/medusa/mediateca/ceranaga,359,360,86,
517,Mencey Bentor,https://www3.gobiernodecanarias.org/medusa/mediateca/ceipmenceybentor,14,14,86,
518,CEIP PLUS ULTRA,https://www3.gobiernodecanarias.org/medusa/mediateca/ceipplusultra,3,3,86,
519,Aula Hospital Materno Infantil,https://www3.gobiernodecanarias.org/medusa/mediateca/aulahospitalmaternoinfantil,0,0,86,
520,IES PUERTO DEL CARMEN,https://www3.gobiernodecanarias.org/medusa/mediateca/iespuertodelcarmen,2,2,86,
521,CEIP Virgen de Fatima,https://www3.gobiernodecanarias.org/medusa/mediateca/ceipvirgendefatima,16,24,86,
522,CEIP Miguel Pintor Gonzlez,https://www3.gobiernodecanarias.org/medusa/mediateca/ceipmiguelpintorgonzalez,0,0,0,file_not_found:Local XML file not found for 'https://www3.gobiernodecanarias.org/medusa/mediateca/ceipmiguelpintorgonzalez' in 'exports'
523,Escuela Oficial de Idiomas Los Cristianos,https://www3.gobiernodecanarias.org/medusa/mediateca/eoiloscristianos,223,248,95,
524,CEIP Froilan Hernandez Gonzalez,https://www3.gobiernodecanarias.org/medusa/mediateca/ceipfroilanhernandezgonzalez,25,38,86,
525,CEIP Montana Pacho,https://www3.gobiernodecanarias.org/medusa/mediateca/ceipmontanapacho,31,31,86,
526,MEDIATECA CEIP SANTA CATALINA,https://www3.gobiernodecanarias.org/medusa/mediateca/ceipsantacatalina,61,61,88,
527,Mediateca CER Firgas,https://www3.gobiernodecanarias.org/medusa/mediateca/cerfirgas,0,0,86,
528,CEIP FRONTON,https://www3.gobiernodecanarias.org/medusa/mediateca/ceipfronton,0,0,86,
529,CEIP JOSE ESQUIVEL,https://www3.gobiernodecanarias.org/medusa/mediateca/ceipjoseesquivel,0,0,86,
530,IES LUIS DIEGO CUSCOY,https://www3.gobiernodecanarias.org/medusa/mediateca/iesluisdiegocuscoy,26,26,86,
531,IES La Victoria,https://www3.gobiernodecanarias.org/medusa/mediateca/ieslavictoriaalfonsofernandezgarcia,9,9,86,
532,Mediateca CEIP Rambla Santa Cruz,https://www3.gobiernodecanarias.org/medusa/mediateca/ceiprambladesantacruz,21,22,86,
533,CEIP GUENIA,https://www3.gobiernodecanarias.org/medusa/mediateca/ceipguenia,4,4,86,
534,Mediateca CEIP El Ortigal,https://www3.gobiernodecanarias.org/medusa/mediateca/ceipelortigal,223,223,86,
535,CEIP BRENA,https://www3.gobiernodecanarias.org/medusa/mediateca/ceipbrena,0,0,86,
536,CloriMedia,https://www3.gobiernodecanarias.org/medusa/mediateca/ceipclorindasalazar,8,8,86,
537,CEIP La Vega,https://www3.gobiernodecanarias.org/medusa/mediateca/ceiplavega,176,178,86,
538,CER BARLOVENTO-SAUCES,https://www3.gobiernodecanarias.org/medusa/mediateca/cerbarloventosauces,16,16,86,
539,CEIP MENCEY BENCOMO,https://www3.gobiernodecanarias.org/medusa/mediateca/ceipmenceybencomo,0,0,86,
540,Mediateca CEIP La Asomada-Macher,https://www3.gobiernodecanarias.org/medusa/mediateca/ceiplaasomadamacher,154,154,86,
541,Ceip machado,https://www3.gobiernodecanarias.org/medusa/mediateca/ceipmachado,40,40,86,
542,MEDIATECA CEIP MORRO JABLE,https://www3.gobiernodecanarias.org/medusa/mediateca/ceipmorrojable,2,2,86,
543,CEIP BUENLUGAR,https://www3.gobiernodecanarias.org/medusa/mediateca/ceipbuenlugar,3,3,86,
544,IES Los Cristianos,https://www3.gobiernodecanarias.org/medusa/mediateca/iesloscristianos,359,359,86,
545,CEIP LAS MANCHAS,https://www3.gobiernodecanarias.org/medusa/mediateca/ceiplasmanchas,0,0,86,
546,EOI Arrecife,https://www3.gobiernodecanarias.org/medusa/mediateca/eoiarrecife,0,0,86,
547,CEIP SAN LORENZO LAS PALMAS,https://www3.gobiernodecanarias.org/medusa/mediateca/ceipsanlorenzo,2,2,9,
548,CEIP LOS OLIVOS,https://www3.gobiernodecanarias.org/medusa/mediateca/ceiplosolivos,18,20,86,
549,CEIP Granadilla de Abona,https://www3.gobiernodecanarias.org/medusa/mediateca/ceipgranadilladeabona,3,3,86,
550,CEAD Las Palmas,https://www3.gobiernodecanarias.org/medusa/mediateca/ceadprofesorfelixperezparrilla,0,0,86,
551,CEIP Mariela ,https://www3.gobiernodecanarias.org/medusa/mediateca/ceipmarielacaceresperez,11,12,86,
552,Llano de las Naciones,https://www3.gobiernodecanarias.org/medusa/mediateca/ceipllanodelasnaciones,24,24,86,
553,CEIP La Salud,https://www3.gobiernodecanarias.org/medusa/mediateca/ceiplasalud,76,76,86,
554,CEIP AMPUYENTA,https://www3.gobiernodecanarias.org/medusa/mediateca/ceipampuyenta,69,69,89,
555,CEIP Aldea Blanca San Miguel,https://www3.gobiernodecanarias.org/medusa/mediateca/ceipaldeablancasanmiguel,30,30,86,
556,Mediateca CEIP Tamaran,https://www3.gobiernodecanarias.org/medusa/mediateca/ceiptamaran,7,7,86,
557,CEIP LA ROSA,https://www3.gobiernodecanarias.org/medusa/mediateca/ceiplarosa,72,72,89,
558,Mediateca del CEO. Hermano Pedro-Vilaflor,https://www3.gobiernodecanarias.org/medusa/mediateca/ceohermanopedrovilaflor,82,82,86,
559,CEIP GABRIEL DUQUE ACOSTA,https://www3.gobiernodecanarias.org/medusa/mediateca/ceipgabrielduqueacosta,70,70,86,
560,CEO EN VALLEHERMOSO,https://www3.gobiernodecanarias.org/medusa/mediateca/ceoenvallehermoso,45,45,87,
561,CEE El Dorador,https://www3.gobiernodecanarias.org/medusa/mediateca/ceeeeldorador,13,13,86,
562,CEIP El Goro,https://www3.gobiernodecanarias.org/medusa/mediateca/ceipelgoro,0,0,86,
563,R.E.Pedro Garcia Cabrera,https://www3.gobiernodecanarias.org/medusa/mediateca/repedrogarciacabrera,1,1,86,
564,CEIP PUNTAGORDA,https://www3.gobiernodecanarias.org/medusa/mediateca/ceippuntagorda,0,0,86,
565,CEIP Armenime,https://www3.gobiernodecanarias.org/medusa/mediateca/ceiparmenime,65,86,86,
566,CEIP Pepe Damaso,https://www3.gobiernodecanarias.org/medusa/mediateca/ceippepedamaso,1,1,86,
567,Multimedia IESRMP,https://www3.gobiernodecanarias.org/medusa/mediateca/iesramonmenendezpidal,68,68,87,
568,NUEVA ATLANTIDA,https://www3.gobiernodecanarias.org/medusa/mediateca/ceipatlantida,91,92,87,
569,CEIP SAN ANTONIO,https://www3.gobiernodecanarias.org/medusa/mediateca/ceipsanantoniobbaja,103,103,86,
570,CER Santa Cruz de La Palma,https://www3.gobiernodecanarias.org/medusa/mediateca/cersantacruzdelapalma,0,1,86,
571,CEIP SAN FERNANDO,https://www3.gobiernodecanarias.org/medusa/mediateca/ceipsanfernandosu,185,185,86,
572,CEIP Eduardo Rivero Ramos,https://www3.gobiernodecanarias.org/medusa/mediateca/ceipeduardoriveroramos,46,46,86,
573,ceipsanjosemediateca,https://www3.gobiernodecanarias.org/medusa/mediateca/ceipsanjosemediateca,216,216,86,
574,CER PUERTO DEL ROSARIO-ANTIGUA-BETANCURIA,https://www3.gobiernodecanarias.org/medusa/mediateca/cerpuertodelrosarioantiguabetancuria,2,2,86,
575,CEIP Cervantes,https://www3.gobiernodecanarias.org/medusa/mediateca/ceipcervantes,0,0,86,
576,CEIP Las Salinas,https://www3.gobiernodecanarias.org/medusa/mediateca/ceiplassalinas,29,40,86,
577,CEIP LAS MANTECAS,https://www3.gobiernodecanarias.org/medusa/mediateca/ceiplasmantecas,0,0,86,
578,CEIP Almacigo,https://www3.gobiernodecanarias.org/medusa/mediateca/ceipalmacigo,73,78,95,
579,MEDIATECA CEIP JUAN GRANDE,https://www3.gobiernodecanarias.org/medusa/mediateca/ceipjuangrande,1,1,86,
580,Ceip Santa Maria del Mar,https://www3.gobiernodecanarias.org/medusa/mediateca/ceipsantamariadelmar,15,32,86,
581,Adan del Castillo,https://www3.gobiernodecanarias.org/medusa/mediateca/ceipadandelcastillo,1344,1344,86,
582,La voz del Verde,https://www3.gobiernodecanarias.org/medusa/mediateca/iesmenceybencomo,232,233,86,
583,IES POETA TOMAS MORALES CASTELLANO,https://www3.gobiernodecanarias.org/medusa/mediateca/iespoetatomasmoralescastellano,5,5,86,
584,CEIP Aurelio Emilio Acosta Fernandez,https://www3.gobiernodecanarias.org/medusa/mediateca/ceipaurelioemilioacostafernandez,0,0,86,
585,ceipsietepalmas,https://www3.gobiernodecanarias.org/medusa/mediateca/ceipsietepalmas,70,74,89,
586,ANGELES BERMEJO,https://www3.gobiernodecanarias.org/medusa/mediateca/ceipangelesbermejo,5,7,86,
587,CEO Manuel de Falla,https://www3.gobiernodecanarias.org/medusa/mediateca/ceomanueldefalla,495,495,86,
588,Agustin Espinosa mediateca,https://www3.gobiernodecanarias.org/medusa/mediateca/ceipagustinespinosa,168,169,86,
589,CEIP AGUERE,https://www3.gobiernodecanarias.org/medusa/mediateca/ceipaguere,2,2,86,
590,Mediateca CEIP Mayantigo,https://www3.gobiernodecanarias.org/medusa/mediateca/ceipmayantigo,5,5,86,
591,FOTOS CEIP PARQUE NATURAL CORRALEJO,https://www3.gobiernodecanarias.org/medusa/mediateca/ceipparquenaturalcorralejo,9,9,86,
592,IES Rafael Arozarena,https://www3.gobiernodecanarias.org/medusa/mediateca/iesrafaelarozarena,7,7,86,
593,Ceip La Cerruda,https://www3.gobiernodecanarias.org/medusa/mediateca/ceiplacerruda,1,1,86,
594,CEIP San Agustin,https://www3.gobiernodecanarias.org/medusa/mediateca/ceipsanagustin,127,129,86,
595,CEIP Llanito Perera,https://www3.gobiernodecanarias.org/medusa/mediateca/ceipllanitoperera,0,0,86,
596,CEIP Perseidas,https://www3.gobiernodecanarias.org/medusa/mediateca/ceipperseidas,0,0,86,
597,CEIP Ansite,https://www3.gobiernodecanarias.org/medusa/mediateca/ceipansite,2,2,86,
598,CEIP La Pasada,https://www3.gobiernodecanarias.org/medusa/mediateca/ceiplapasada,0,0,86,
599,MEDIATECA IES SANTA BRGIDA,https://www3.gobiernodecanarias.org/medusa/mediateca/iessantabrigida,13,15,86,
600,CEIP TIJOCO BAJO,https://www3.gobiernodecanarias.org/medusa/mediateca/ceiptijocobajo,2,3,86,
601,CEIP Inocencio Sosa Hdez.,https://www3.gobiernodecanarias.org/medusa/mediateca/ceipinocenciososahernandez,41,41,86,
602,BUENPASO,https://www3.gobiernodecanarias.org/medusa/mediateca/ceipbuenpasoi,0,0,86,
603,Galicia Channel,https://www3.gobiernodecanarias.org/medusa/mediateca/ceipgalicia,0,0,86,
604,CEIP SANTO DOMINGO LA VICTORIA DE ACENTEJO,https://www3.gobiernodecanarias.org/medusa/mediateca/ceipsantodomingo,8,8,86,
605,CEIP LEONCIO ESTEVEZ LUIS,https://www3.gobiernodecanarias.org/medusa/mediateca/ceipleoncioestevezluis,0,0,86,
606,IESAgaetePepeDamaso,https://www3.gobiernodecanarias.org/medusa/mediateca/iesagaetepepedamaso,66,66,87,
607,CEIP Alcalde Rafael Cedres,https://www3.gobiernodecanarias.org/medusa/mediateca/ceipalcalderafaelcedres,204,204,86,
608,CEIP ARCO IRIS,https://www3.gobiernodecanarias.org/medusa/mediateca/ceiparcoiris,3,3,86,
609,CEIP Benahoare,https://www3.gobiernodecanarias.org/medusa/mediateca/ceipbenahoare,6,7,86,
610,CEIP LA LAGUNA,https://www3.gobiernodecanarias.org/medusa/mediateca/ceiplalaguna,27,27,88,
611,CEIP PUNTA DEL HIDALGO,https://www3.gobiernodecanarias.org/medusa/mediateca/ceippuntadelhidalgo,309,309,86,
612,CEO TIJARAFE,https://www3.gobiernodecanarias.org/medusa/mediateca/ceotijarafe,5,5,86,
613,CEIP San Vicente - Velhoco,https://www3.gobiernodecanarias.org/medusa/mediateca/ceipsanvicente,5,5,86,
614,CEIP Cabo Blanco,https://www3.gobiernodecanarias.org/medusa/mediateca/ceipcaboblanco,0,0,86,
615,CEIP LA GALGA,https://www3.gobiernodecanarias.org/medusa/mediateca/ceiplagalga,1,1,86,
616,CEIP Santo Domingo La Palma,https://www3.gobiernodecanarias.org/medusa/mediateca/ceipsantodomingolp,690,690,61,
617,CEIP Sagrado Corazon de Jesus,https://www3.gobiernodecanarias.org/medusa/mediateca/ceipsagradocorazondejesus,2,2,86,
618,mediatecalos campitos,https://www3.gobiernodecanarias.org/medusa/mediateca/ceiploscampitos,118,118,86,
619,IES JOSE ARENCIBIA GIL,https://www3.gobiernodecanarias.org/medusa/mediateca/iesjosearencibiagil,145,150,64,
620,MEDIATECA OSCAR DOMINGUEZ,https://www3.gobiernodecanarias.org/medusa/mediateca/iestacoronteoscardominguez,7,7,86,
621,Ceip Ciudad del Campo,https://www3.gobiernodecanarias.org/medusa/mediateca/ceipciudaddelcampo,75,75,86,
622,CEPA San Bartolome ,https://www3.gobiernodecanarias.org/medusa/mediateca/cepasanbartolomedetirajana,1,1,86,
623,CEIP GRAN CANARIA,https://www3.gobiernodecanarias.org/medusa/mediateca/ceipgrancanaria,261,262,87,
624,CEIP CHIGUERGUE,https://www3.gobiernodecanarias.org/medusa/mediateca/ceipchiguergue,0,0,0,file_not_found:Local XML file not found for 'https://www3.gobiernodecanarias.org/medusa/mediateca/ceipchiguergue' in 'exports'
625,CEIP Maximiliano Gil,https://www3.gobiernodecanarias.org/medusa/mediateca/ceipmaximilianogilmelian,49,54,86,
626,CEIP NAZARET,https://www3.gobiernodecanarias.org/medusa/mediateca/ceipnazaret,0,0,86,
627,CEIP BAJOS Y TAGORO,https://www3.gobiernodecanarias.org/medusa/mediateca/ceipbajosytagoro,1,1,86,
628,Las Caletas,https://www3.gobiernodecanarias.org/medusa/mediateca/ceipceciliagonzalezalayon,1,1,87,
629,CER FUENCALIENTE MAZO,https://www3.gobiernodecanarias.org/medusa/mediateca/cerfuencalientemazo,0,0,86,
630,CEIP Luis Alvarez Cruz,https://www3.gobiernodecanarias.org/medusa/mediateca/ceipluisalvarezcruz,9,9,86,
631,BUENAVISTA,https://www3.gobiernodecanarias.org/medusa/mediateca/ceipbuenavista1,0,0,86,
632,CERLANZAROTE,https://www3.gobiernodecanarias.org/medusa/mediateca/cerlanzarote,20,20,86,
633,CEIP MATIAS LLABRES VERD,https://www3.gobiernodecanarias.org/medusa/mediateca/ceipmatiasllabresverd,1,1,86,
634,MEDIATECA CEO TEJEDA,https://www3.gobiernodecanarias.org/medusa/mediateca/ceotejeda,25,25,86,
635,eoiguia,https://www3.gobiernodecanarias.org/medusa/mediateca/eoisantamariadeguia,5,5,86,
636,CIFP Virgen de Las Nieves,https://www3.gobiernodecanarias.org/medusa/mediateca/cifpvirgendelasnieves,10,17,86,
637,CEIP LA LUZ,https://www3.gobiernodecanarias.org/medusa/mediateca/ceiplaluz,0,0,86,
638,MEDIATEKA VSK,https://www3.gobiernodecanarias.org/medusa/mediateca/iesvalsequillo,0,0,86,
639,San Juan Perales,https://www3.gobiernodecanarias.org/medusa/mediateca/ceipsanjuanperales,33,33,86,
640,Mediateca - IES El Calero,https://www3.gobiernodecanarias.org/medusa/mediateca/ieselcalero,8,8,86,
641,CEIP SAULO TORON,https://www3.gobiernodecanarias.org/medusa/mediateca/ceipsaulotoron,29,29,86,
642,CEIP AGACHE - ESCOBONAL,https://www3.gobiernodecanarias.org/medusa/mediateca/ceipagache,8,10,86,
643,La Mediateca del Agustin de Betancourt,https://www3.gobiernodecanarias.org/medusa/mediateca/iesagustindebetancourt,130,130,86,
644,CEIP LAS REHOYAS,https://www3.gobiernodecanarias.org/medusa/mediateca/ceiplasrehoyas,4,4,86,
645,CEIP GESTA 25 DE JULIO,https://www3.gobiernodecanarias.org/medusa/mediateca/ceipgesta25dejulio,36,36,86,
646,CEIP Melchor N. T.,https://www3.gobiernodecanarias.org/medusa/mediateca/ceipmelchornuneztejera,134,168,86,
647,CEIP Jedey,https://www3.gobiernodecanarias.org/medusa/mediateca/ceipjedey,1,1,86,
648,IES EL PASO,https://www3.gobiernodecanarias.org/medusa/mediateca/ieselpaso,4,4,86,
649,CEIP TODOQUE,https://www3.gobiernodecanarias.org/medusa/mediateca/ceiptodoque,0,0,86,
650,CEIP Jose Luis Albendea y Gomez de Aranda,https://www3.gobiernodecanarias.org/medusa/mediateca/ceipjoseluisalbendeaygomezdearanda,21,21,86,
651,EnREDando el instituto,https://www3.gobiernodecanarias.org/medusa/mediateca/iessanbartolome,98,98,86,
652,MediatecaCIFPCesarManrique,https://www3.gobiernodecanarias.org/medusa/mediateca/cifpcesarmanrique,3,3,86,
653,CEIP LAS DELICIAS,https://www3.gobiernodecanarias.org/medusa/mediateca/ceiplasdelicias,41,41,86,
654,CEIP. LA MANCHA,https://www3.gobiernodecanarias.org/medusa/mediateca/ceiplamancha,4,4,86,
655,CEO Santiago La Gomera,https://www3.gobiernodecanarias.org/medusa/mediateca/ceosantiagoapostol,37,37,86,
656,MEDIATECA IES La Guancha-JMB,https://www3.gobiernodecanarias.org/medusa/mediateca/ieslaguancha,0,0,86,
657,IES Serafin Pardo,https://www3.gobiernodecanarias.org/medusa/mediateca/iesserafinpardo,53,53,86,
658,Mediateca IES Daute Los Silos,https://www3.gobiernodecanarias.org/medusa/mediateca/iesdautelossilos,14,15,86,
659,CEPA ISORA-TENERIFE SUR,https://www3.gobiernodecanarias.org/medusa/mediateca/cepaisoratenerifesur,0,0,86,
660,CEL de Canarias,https://www3.gobiernodecanarias.org/medusa/mediateca/celcanarias,0,0,0,file_not_found:Local XML file not found for 'https://www3.gobiernodecanarias.org/medusa/mediateca/celcanarias' in 'exports'
661,CEIP LAS LEDAS,https://www3.gobiernodecanarias.org/medusa/mediateca/ceiplasledas,8,8,86,
662,IES SAN SEBASTIAN DE LA GOMERA,https://www3.gobiernodecanarias.org/medusa/mediateca/iessansebastiandelagomera,61,61,86,
663,CEIP LOS CASERONES MEDIATECA,https://www3.gobiernodecanarias.org/medusa/mediateca/ceiploscaserones,0,0,86,
664,CEIPMaestroFelixSantana,https://www3.gobiernodecanarias.org/medusa/mediateca/ceipmaestrofelixsantana,57,57,86,
665,CER GUIA DE ISORA,https://www3.gobiernodecanarias.org/medusa/mediateca/cerguiadeisora,1,1,86,
666,CEIP AGUATONA,https://www3.gobiernodecanarias.org/medusa/mediateca/ceipaguatona,7,10,86,
667,Mediateca CEIP Perez de Valero,https://www3.gobiernodecanarias.org/medusa/mediateca/ceipperezdevalero,3,3,86,
668,EEI Cueva del Viento,https://www3.gobiernodecanarias.org/medusa/mediateca/eeicuevadelviento,0,0,86,
669,IES MANUEL MARTIN GONZALEZ,https://www3.gobiernodecanarias.org/medusa/mediateca/iesmanuelmartingonzalez,0,0,86,
670,SALVADOR MANRIQUE DE LARA,https://www3.gobiernodecanarias.org/medusa/mediateca/ceipsalvadormanriquedelara,0,0,86,
671,CEIP Cataluña,https://www3.gobiernodecanarias.org/medusa/mediateca/ceipcataluna,26,27,87,
672,Mediateca_IES Viera y Clavijo,https://www3.gobiernodecanarias.org/medusa/mediateca/iesvierayclavijo,1,1,86,
673,CEIP Antonio Padron,https://www3.gobiernodecanarias.org/medusa/mediateca/ceipantoniopadron,0,0,86,
674,CEIP Adoracion Rodriguez Alonso,https://www3.gobiernodecanarias.org/medusa/mediateca/ceipadoracionrodriguezalonso,0,0,86,
675,IES ALONSO PEREZ DIAZ,https://www3.gobiernodecanarias.org/medusa/mediateca/iesalonsoperezdiaz,17,19,86,
676,CEIP TITERROY,https://www3.gobiernodecanarias.org/medusa/mediateca/ceiptiterroy,33,33,86,
677,CEIP LAS INDIAS - FUENCALIENTE,https://www3.gobiernodecanarias.org/medusa/mediateca/ceiplasindias,0,0,86,
678,CSMC,https://www3.gobiernodecanarias.org/medusa/mediateca/csmcanariassedetenerife,0,0,86,
679,CER GALDAR-GUIA--AGAETE,https://www3.gobiernodecanarias.org/medusa/mediateca/cergaldarguia,1,1,86,
680,CEPA Telde- La Herradura,https://www3.gobiernodecanarias.org/medusa/mediateca/cepateldelaherradura,4,4,86,
681,IES El Mayorazgo,https://www3.gobiernodecanarias.org/medusa/mediateca/ieselmayorazgo,35,36,1,
682,CEIP Julio Delgado Delgado,https://www3.gobiernodecanarias.org/medusa/mediateca/ceipjuliodelgadodelgado,7,7,86,
683,CEIP San Isidro Galdar,https://www3.gobiernodecanarias.org/medusa/mediateca/ceipsanisidrogaldar,0,0,86,
684,CEO JUAN XXIII,https://www3.gobiernodecanarias.org/medusa/mediateca/ceojuanxxiii,58,58,91,
685,RESIDENCIA ESCOLAR JARRA CANARIA,https://www3.gobiernodecanarias.org/medusa/mediateca/rejarracanaria,16,16,91,
686,Alcaravan,https://www3.gobiernodecanarias.org/medusa/mediateca/ceipalcaravaneras,13,13,86,
687,Millares Sall,https://www3.gobiernodecanarias.org/medusa/mediateca/iesagustinmillaressall,0,0,86,
688,MEDIATECA CER TELDE-VALSEQUILLO,https://www3.gobiernodecanarias.org/medusa/mediateca/certelde,1,1,86,
689,EOEP ISORA,https://www3.gobiernodecanarias.org/medusa/mediateca/eoepisora,0,0,86,
690,CEIP LAJARES,https://www3.gobiernodecanarias.org/medusa/mediateca/ceiplajares,0,0,86,
691,CEIP La Cuesta -38010396-,https://www3.gobiernodecanarias.org/medusa/mediateca/ceiplacuesta,1,1,86,
692,CEE Adeje,https://www3.gobiernodecanarias.org/medusa/mediateca/ceeeadeje,60,60,86,
693,CEIP Gran Tarajal,https://www3.gobiernodecanarias.org/medusa/mediateca/ceipgrantarajal,3,4,86,
694,CEIP Montes de Luna,https://www3.gobiernodecanarias.org/medusa/mediateca/ceipmontesdeluna,0,0,86,
695,CEPA LAS PALMAS CONO SUR,https://www3.gobiernodecanarias.org/medusa/mediateca/cepalaspalmasconosur,26,41,86,
696,CEIP Aguamansa,https://www3.gobiernodecanarias.org/medusa/mediateca/ceipaguamansa,6,6,86,
697,IES LA VEGA DE SAN JOSE,https://www3.gobiernodecanarias.org/medusa/mediateca/ieslavegadesanjose,3,3,86,
698,Servicio de Inclusión,https://www3.gobiernodecanarias.org/medusa/mediateca/inclusion,17,35,86,
699,MEDIATECA DEL IES CANARIAS,https://www3.gobiernodecanarias.org/medusa/mediateca/iescanarias,0,0,86,
700,MEDIATECAlcorac,https://www3.gobiernodecanarias.org/medusa/mediateca/ceipbateriadejuan,1,1,86,
701,CEIP Maria Milagros Acosta Garcia,https://www3.gobiernodecanarias.org/medusa/mediateca/ceipmariamilagrosacostagarcia,23,23,91,
702,MEDIATECA CEIP AREGUME,https://www3.gobiernodecanarias.org/medusa/mediateca/ceiparegume,13,13,86,
703,CEIP RUIZ DE PADRON,https://www3.gobiernodecanarias.org/medusa/mediateca/ceipruizdepadron,47,47,86,
704,Mediateca EOI Los Llanos,https://www3.gobiernodecanarias.org/medusa/mediateca/eoilosllanosdearidane,2,2,86,
705,CER Tuineje-Pajara,https://www3.gobiernodecanarias.org/medusa/mediateca/certuinejepajara,1,1,86,
706,eoisantacruzdelapalma,https://www3.gobiernodecanarias.org/medusa/mediateca/eoisantacruzdelapalma,0,0,86,
707,IES Nicolas Estevez Borges ,https://www3.gobiernodecanarias.org/medusa/mediateca/iesnicolasestevezborges,142,151,86,
708,Transición Educativa del Servicio de Ordenación,https://www3.gobiernodecanarias.org/medusa/mediateca/transicioneducativa,68,68,86,
709,csmc,https://www3.gobiernodecanarias.org/medusa/mediateca/csmcanariassedegrancanaria,5,5,86,
710,EL VIGIA,https://www3.gobiernodecanarias.org/medusa/mediateca/ieslaisleta,2,2,87,
711,Mediateca CEIP La Corujera,https://www3.gobiernodecanarias.org/medusa/mediateca/ceiplacorujera,0,0,86,
712,CEPA SAN CRISTOBAL,https://www3.gobiernodecanarias.org/medusa/mediateca/cepasancristobal,12,12,86,
713,CEIP Isora,https://www3.gobiernodecanarias.org/medusa/mediateca/ceipisora,0,0,86,
714,CEIP San Andres TF,https://www3.gobiernodecanarias.org/medusa/mediateca/ceipsanandrestf,0,0,86,
715,IES Las Galletas,https://www3.gobiernodecanarias.org/medusa/mediateca/ieslasgalletas,0,0,86,
716,CEIP ALFONSO SPINOLA,https://www3.gobiernodecanarias.org/medusa/mediateca/ceipalfonsospinola,0,0,86,
717,CEIP Puerto Cabras,https://www3.gobiernodecanarias.org/medusa/mediateca/ceippuertocabras,14,14,86,
718,Giner,https://www3.gobiernodecanarias.org/medusa/mediateca/ceipginerdelosrios,27,28,86,
719,RADIO IES INGENIO,https://www3.gobiernodecanarias.org/medusa/mediateca/iesingenio,8,8,87,
720,CEO EL CARDON,https://www3.gobiernodecanarias.org/medusa/mediateca/ceoelcardon,0,0,86,
721,CEIP ELVIRA VAQUERO,https://www3.gobiernodecanarias.org/medusa/mediateca/ceipvalsequillo,13,13,86,
722,CEIP CHIGORA,https://www3.gobiernodecanarias.org/medusa/mediateca/ceipchigora,0,0,86,
723,Mediateca del IES San Benito,https://www3.gobiernodecanarias.org/medusa/mediateca/iessanbenito,5,7,86,
724,CEIP El Ciervo,https://www3.gobiernodecanarias.org/medusa/mediateca/ceipelciervo,15,15,86,
725,CEIP CHIRCHE,https://www3.gobiernodecanarias.org/medusa/mediateca/ceipchirche,0,0,86,
726,IES Cesar Manrique,https://www3.gobiernodecanarias.org/medusa/mediateca/iescesarmanrique,0,0,86,
727,REE San Miguel de la Palma,https://www3.gobiernodecanarias.org/medusa/mediateca/resanmigueldelapalma,0,0,86,
728,IES ARICO,https://www3.gobiernodecanarias.org/medusa/mediateca/iesarico,69,69,87,
729,CER Valle de Aridane,https://www3.gobiernodecanarias.org/medusa/mediateca/cervalledearidane,6,6,87,
730,MEDIATECA CEIP SANTO TOMAS DE AQUINO,https://www3.gobiernodecanarias.org/medusa/mediateca/ceipsantotomasdeaquino,20,20,86,
731,MEDIATECA R. E. SAN JOSE,https://www3.gobiernodecanarias.org/medusa/mediateca/resanjose,0,0,87,
732,CEIP Poeta Fernando Gonzalez,https://www3.gobiernodecanarias.org/medusa/mediateca/ceippoetafernandogonzalez,13,13,86,
733,Innovación Educativa,https://www3.gobiernodecanarias.org/medusa/mediateca/innovacioneducativa,116,238,91,
734,FSMediateca,https://www3.gobiernodecanarias.org/medusa/mediateca/ceipfranciscasantosmelian,1,1,86,
735,MEDIATECA CEPA ACENTEJO-TACORONTE,https://www3.gobiernodecanarias.org/medusa/mediateca/cepaacentejotacoronte,0,0,86,
736,IES ADEJE,https://www3.gobiernodecanarias.org/medusa/mediateca/iesadeje,1,1,86,
737,Cambreteca,https://www3.gobiernodecanarias.org/medusa/mediateca/ceipnandacambres,55,55,86,
738,Mediateca Nereida,https://www3.gobiernodecanarias.org/medusa/mediateca/ceonereidadiazabreu,6,6,86,
739,CEO Montaña Roja,https://www3.gobiernodecanarias.org/medusa/mediateca/ceomontanaroja,140,212,86,
740,iestinajo,https://www3.gobiernodecanarias.org/medusa/mediateca/iestinajo,1,2,86,
741,CEIP Fernando Guanarteme,https://www3.gobiernodecanarias.org/medusa/mediateca/ceipfernandoguanartemegaldar,0,0,86,
742,San Diego de Alcala,https://www3.gobiernodecanarias.org/medusa/mediateca/iessandiegodealcala,36,36,86,
743,CEIP La Verdellada,https://www3.gobiernodecanarias.org/medusa/mediateca/ceiplaverdellada,0,0,86,
744,IES LA OROTAVA-MGP MEDIATECA,https://www3.gobiernodecanarias.org/medusa/mediateca/ieslaorotavamanuelgonzalezperez,0,0,86,
745,CEIP AGUADULCE,https://www3.gobiernodecanarias.org/medusa/mediateca/ceipaguadulce,0,0,86,
746,MEDIATECA CEIP NARCISO BRITO,https://www3.gobiernodecanarias.org/medusa/mediateca/ceipnarcisobrito,0,0,86,
747,CEIP JOSE TEJERA SANTANA,https://www3.gobiernodecanarias.org/medusa/mediateca/ceipjosetejerasantana,0,0,86,
748,CEIP BARRANCO DE BALOS 2,https://www3.gobiernodecanarias.org/medusa/mediateca/www3-2,72,97,86,
749,CEIP Balos - Domingo Socorro,https://www3.gobiernodecanarias.org/medusa/mediateca/ceipbalosdomingosocorro,85,110,86,
750,mediatecaCIFPMajadaMarcial,https://www3.gobiernodecanarias.org/medusa/mediateca/cifpmajadamarcial,30,33,90,
751,iestegueste,https://www3.gobiernodecanarias.org/medusa/mediateca/iestegueste,0,0,86,
752,CEIP LA JURADA,https://www3.gobiernodecanarias.org/medusa/mediateca/ceiplajurada,5,5,86,
753,CEIP COSTA TEGUISE,https://www3.gobiernodecanarias.org/medusa/mediateca/ceipcostateguise,72,72,86,
754,Mediateca IES Joaquin Artiles,https://www3.gobiernodecanarias.org/medusa/mediateca/iesjoaquinartiles,8,8,86,
755,Antena_Jablillo,https://www3.gobiernodecanarias.org/medusa/mediateca/iescostateguise,1,1,86,
756,MEDIATECA-IESHARIA,https://www3.gobiernodecanarias.org/medusa/mediateca/iesharia,0,0,86,
757,Área de Fomento de la Competencia Matemática,https://www3.gobiernodecanarias.org/medusa/mediateca/competenciamatematica,3,3,86,
758,IES La Oliva,https://www3.gobiernodecanarias.org/medusa/mediateca/ieslaoliva,2,2,86,
759,CEIP ADEJE,https://www3.gobiernodecanarias.org/medusa/mediateca/ceipadeje,63,63,86,
760,IES Lomo de La Herradura,https://www3.gobiernodecanarias.org/medusa/mediateca/ieslomodelaherradura,1,1,86,
761,CEIP Manuel Balbuena Pedraza,https://www3.gobiernodecanarias.org/medusa/mediateca/ceipmanuelbalbuenapedraza,18,19,86,
762,EA Fuerteventura,https://www3.gobiernodecanarias.org/medusa/mediateca/eafuerteventura,1,1,87,
763,IES_Anaga,https://www3.gobiernodecanarias.org/medusa/mediateca/iesanaga,3,3,86,
764,CEIPELCHAPATALMEDIATECA,https://www3.gobiernodecanarias.org/medusa/mediateca/ceipelchapatal,0,0,86,
765,CEIP Ravelo,https://www3.gobiernodecanarias.org/medusa/mediateca/ceipravelo,155,157,86,
766,La voz de La lechuza,https://www3.gobiernodecanarias.org/medusa/mediateca/ceiplalechuza,1,1,86,
767,CEIP San Luis Gonzaga,https://www3.gobiernodecanarias.org/medusa/mediateca/ceipsanluisgonzaga,0,0,86,
768,CEIP Tindaya,https://www3.gobiernodecanarias.org/medusa/mediateca/ceiptindaya,2,2,86,
769,Residencia escolar Hermano Pedro,https://www3.gobiernodecanarias.org/medusa/mediateca/rehermanopedro,0,0,86,
770,Gladioteca,https://www3.gobiernodecanarias.org/medusa/mediateca/cifplosgladiolos,4,4,86,
771,Ceip Las Lagunetas,https://www3.gobiernodecanarias.org/medusa/mediateca/ceiplaslagunetas,2,2,86,
772,IES SANTA URSULA,https://www3.gobiernodecanarias.org/medusa/mediateca/iessantaursula,0,0,86,
773,CER SANTA BRGIDA - SAN MATEO,https://www3.gobiernodecanarias.org/medusa/mediateca/cersantabrigidasanmateo,5,5,86,
774,MEDIATECA CEO OMAYRA SANCHEZ,https://www3.gobiernodecanarias.org/medusa/mediateca/ceoomayrasanchez,0,0,86,
775,Mediateca Agulo,https://www3.gobiernodecanarias.org/medusa/mediateca/ceipaureamirandagonzalez,4,4,86,
776,CEIP UTIACA,https://www3.gobiernodecanarias.org/medusa/mediateca/ceiputiaca,0,0,86,
777,CEIP LA SOLANA,https://www3.gobiernodecanarias.org/medusa/mediateca/ceiplasolana,0,0,86,
778,CER La Gomera,https://www3.gobiernodecanarias.org/medusa/mediateca/cerlagomera,0,0,86,
779,CEIP ARINEZ,https://www3.gobiernodecanarias.org/medusa/mediateca/ceiparinez,1,1,86,
780,IES BUENAVISTA,https://www3.gobiernodecanarias.org/medusa/mediateca/iesbuenavista,4,4,86,
781,IES GUILLERMINA BRITO,https://www3.gobiernodecanarias.org/medusa/mediateca/iesguillerminabrito,0,0,86,
782,CEIP Teobaldo Power Las Palmas,https://www3.gobiernodecanarias.org/medusa/mediateca/ceipteobaldopowerlaspalmas,0,0,87,
783,CEE en Icod de los Vinos,https://www3.gobiernodecanarias.org/medusa/mediateca/ceeenicoddelosvinos,1,1,86,
784,CEIP Santo Domingo,https://www3.gobiernodecanarias.org/medusa/mediateca/ceipsantodomingocer,1,1,86,
